profiler_id,team,basin,campaign,filename,transect,location,site_name,replicate,planned_latitude,planned_longitude,start_date,start_time,start_ensemble,start_latitude,start_longitude,end_date,end_time,end_ensemble,end_latitude,end_longitude,width,area,boat_speed,mean_speed,discharge_side,discharge_top,discharge_middle,discharge_bottom,discharge_total,flow_direction,notes,mount_type
"Teledyne RiverPro","Caltech","Terrebonne","Fall 2021","ADCP_20210816-174304_LUMCON_VP-Lumcon_001_Rep1_Bathy.csv",1,"LUMCON","VP-Lumcon",1,-9999,-9999,"2021-08-16","17:43:04",332,29.24746287,-90.67510988,"2021-08-16","17:45:11",513,29.24605531,-90.67419579,191.976,187.659,1.433,0.026,-0.319,1.506,3.794,0.458,5.439,58.985,"","Boat port side"
"Teledyne RiverPro","Caltech","Terrebonne","Fall 2021","ADCP_20210816-174740_LUMCON_VP-Lumcon_002_Rep2_Bathy.csv",2,"LUMCON","VP-Lumcon",2,-9999,-9999,"2021-08-16","17:47:40",730,29.24603903,-90.67432637,"2021-08-16","17:49:53",920,29.24757581,-90.6750535,193.967,183.299,1.577,0.063,-0.977,10.929,8.978,2.419,21.349,236.641,"","Boat port side"
"Sontek RiverSurveyor M9","JPL","Atchafalaya","Fall 2021","ADCP_20210817-125221_WLO_WLO-A_001_Rep1_Bathy.csv",1,"WLO","WLO-A",1,29.65466254,-91.39171912,"2021-08-17","12:52:21",1,29.65396453,-91.38978216,"2021-08-17","13:07:09",889,29.65403716,-91.39193586,240.99,3928.66,0.302,0.41,3.69,77.61,1290.61,240.36,1612.27,-9999,"","Hydroboard"
"Sontek RiverSurveyor M9","JPL","Atchafalaya","Fall 2021","ADCP_20210817-131039_WLO_WLO-A_002_Rep2_Bathy.csv",2,"WLO","WLO-A",2,29.65466254,-91.39171912,"2021-08-17","13:10:39",1,29.65477583,-91.3915823,"2021-08-17","13:19:45",547,29.65354798,-91.38994563,234.065,3403.18,0.472,0.485,5.3,77.59,1310.96,255.21,1649.05,-9999,"","Hydroboard"
"Sontek RiverSurveyor M9","JPL","Atchafalaya","Fall 2021","ADCP_20210817-143024_WLO_WLO-C_003_Rep1_Bathy.csv",3,"WLO","WLO-C",1,29.6443586,-91.39667853,"2021-08-17","14:30:24",1,29.64427056,-91.39659461,"2021-08-17","14:43:50",807,29.64292421,-91.39377268,351.482,3847.99,0.431,0.443,5.21,83.58,1349.72,267.62,1706.12,-9999,"","Hydroboard"
"Sontek RiverSurveyor M9","JPL","Atchafalaya","Fall 2021","ADCP_20210817-144558_WLO_WLO-C_004_Rep2_Bathy.csv",4,"WLO","WLO-C",2,29.6443586,-91.39667853,"2021-08-17","14:45:58",1,29.64301202,-91.3936716,"2021-08-17","15:02:52",1015,29.64388944,-91.39684568,349.513,3867.24,0.358,0.438,5.15,84.13,1333.69,270.07,1693.04,-9999,"","Hydroboard"
"Sontek RiverSurveyor M9","JPL","Atchafalaya","Fall 2021","ADCP_20210817-154401_WLO_WLO-D_005_Rep1_Bathy.csv",5,"WLO","WLO-D",1,29.544739,-91.42957934,"2021-08-17","15:44:01",1,29.54432181,-91.42602544,"2021-08-17","16:03:53",1189,29.54468373,-91.42939853,352.536,3975.85,0.325,0.414,1.14,85.23,1302.83,257.08,1646.28,-9999,"","Hydroboard"
"Sontek RiverSurveyor M9","JPL","Atchafalaya","Fall 2021","ADCP_20210817-160447_WLO_WLO-D_006_Rep2_Bathy.csv",6,"WLO","WLO-D",2,29.544739,-91.42957934,"2021-08-17","16:04:47",1,29.54478616,-91.42944988,"2021-08-17","16:21:55",1029,29.54380081,-91.4262054,367.315,4048.87,0.361,0.407,2.1,85.53,1310.24,249.94,1647.81,-9999,"","Hydroboard"
"Sontek RiverSurveyor M9","JPL","Atchafalaya","Fall 2021","ADCP_20210817-162232_WLO_WLO-D_007_Rep3_Bathy.csv",7,"WLO","WLO-D",3,29.544739,-91.42957934,"2021-08-17","16:22:32",1,29.54390617,-91.42617118,"2021-08-17","16:39:05",994,29.54479994,-91.42937991,375.896,3912.35,0.392,0.448,2.72,92.17,1391.91,267.73,1754.54,-9999,"","Hydroboard"
"Sontek RiverSurveyor M9","JPL","Atchafalaya","Fall 2021","ADCP_20210817-180701_WLO_WLO-C_008_Rep1_Bathy.csv",8,"WLO","WLO-C",1,29.6443586,-91.39667853,"2021-08-17","18:07:01",1,29.64372305,-91.39338586,"2021-08-17","18:23:12",972,29.64423811,-91.39656298,342.73,3745.77,0.346,0.537,10.73,100.55,1600.17,300.92,2012.37,-9999,"","Hydroboard"
"Sontek RiverSurveyor M9","JPL","Atchafalaya","Fall 2021","ADCP_20210817-182352_WLO_WLO-C_009_Rep2_Bathy.csv",9,"WLO","WLO-C",2,29.6443586,-91.39667853,"2021-08-17","18:23:52",1,29.64423045,-91.39659708,"2021-08-17","18:38:16",865,29.6432453,-91.39358379,339.567,3846.11,0.404,0.557,6.67,104.93,1695.96,333.8,2141.36,-9999,"","Hydroboard"
"Sontek RiverSurveyor M9","JPL","Atchafalaya","Fall 2021","ADCP_20210818-123141_ATCH-ICWW_Atch-A_001_Rep1_Bathy.csv",1,"ATCH-ICWW","Atch-A",1,29.653818,-91.24461584,"2021-08-18","12:31:41",1,29.65385231,-91.24462465,"2021-08-18","13:01:41",1801,29.6533351,-91.24060761,445.254,3828.85,0.231,0.223,7.26,51.86,652.54,141.23,852.9,-9999,"","Hydroboard"
"Sontek RiverSurveyor M9","JPL","Atchafalaya","Fall 2021","ADCP_20210818-131345_ATCH-ICWW_Atch-A_002_Rep2_Bathy.csv",2,"ATCH-ICWW","Atch-A",2,29.653818,-91.24461584,"2021-08-18","13:13:45",1,29.65333742,-91.24061836,"2021-08-18","13:32:35",1131,29.65357386,-91.2444213,442.392,3969.35,0.353,0.254,19.58,59.68,762.35,168.46,1010.08,-9999,"","Hydroboard"
"Sontek RiverSurveyor M9","JPL","Atchafalaya","Fall 2021","ADCP_20210818-134523_ATCH-ICWW_ICWW-C_003_Rep1_Bathy.csv",3,"ATCH-ICWW","ICWW-C",1,29.65764502,-91.24970453,"2021-08-18","13:45:23",1,29.65616625,-91.24923594,"2021-08-18","13:55:08",586,29.65784295,-91.2487446,222.168,1056.6,0.333,-0.05,-0.93,-3.6,-40.79,-7.48,52.81,-9999,"","Hydroboard"
"Sontek RiverSurveyor M9","JPL","Atchafalaya","Fall 2021","ADCP_20210818-135600_ATCH-ICWW_ICWW-C_004_Rep2_Bathy.csv",4,"ATCH-ICWW","ICWW-C",2,29.65764502,-91.24970453,"2021-08-18","13:56:00",1,29.65781224,-91.24874626,"2021-08-18","14:08:52",773,29.65652556,-91.24815877,194.41,955.397,0.223,-0.062,-2.14,-4.11,-44.25,-8.62,59.12,-9999,"","Hydroboard"
"Sontek RiverSurveyor M9","JPL","Atchafalaya","Fall 2021","ADCP_20210818-143244_ATCH-ICWW_ICWW-B_006_Rep1_Bathy.csv",6,"ATCH-ICWW","ICWW-B",1,29.6401508,-91.31983567,"2021-08-18","14:32:44",1,29.64002283,-91.31999335,"2021-08-18","14:44:23",700,29.63864644,-91.32106043,215.234,845.292,0.273,0.035,0.57,2.48,22.15,4.65,29.85,-9999,"","Hydroboard"
"Sontek RiverSurveyor M9","JPL","Atchafalaya","Fall 2021","ADCP_20210818-144526_ATCH-ICWW_ICWW-B_007_Rep2_Bathy.csv",7,"ATCH-ICWW","ICWW-B",2,29.6401508,-91.31983567,"2021-08-18","14:45:26",1,29.63864361,-91.32104912,"2021-08-18","14:55:37",612,29.6399444,-91.32125028,179.752,694.511,0.253,0.047,0.58,2.54,24.77,4.61,32.51,-9999,"","Hydroboard"
"Sontek RiverSurveyor M9","JPL","Atchafalaya","Fall 2021","ADCP_20210818-151030_ATCH-ICWW_ICWW-A_008_Rep1_Bathy.csv",8,"ATCH-ICWW","ICWW-A",1,29.64450475,-91.36804706,"2021-08-18","15:10:30",1,29.64440331,-91.36808057,"2021-08-18","15:20:53",624,29.6430461,-91.36962357,242.573,740.698,0.353,-0.013,-0.42,-0.83,-7.19,-1.38,9.83,-9999,"","Hydroboard"
"Teledyne RiverPro","Caltech","Atchafalaya","Fall 2021","ADCP_20210818-155204_WLO_VP-ME-center_001_Rep1_Bathy.csv",1,"WLO","VP-ME-center",1,29.49455677,-91.4383133,"2021-08-18","15:52:04",8932,29.49422447,-91.44008919,"2021-08-18","15:55:36",9232,29.49429832,-91.43670189,346.72,826.42,1.581,0.237,0.4,50.155,168.485,18.165,237.205,179.148,"","Boat port side"
"Teledyne RiverPro","Caltech","Atchafalaya","Fall 2021","ADCP_20210818-155554_WLO_VP-ME-center_002_Rep2_Bathy.csv",2,"WLO","VP-ME-center",2,29.49455677,-91.4383133,"2021-08-18","15:55:54",9255,29.49437353,-91.43676451,"2021-08-18","15:59:41",9580,29.49434902,-91.44012334,347.59,815.018,1.475,0.364,-0.249,76.59,256.739,27.319,360.398,181.981,"","Boat port side"
"Sontek RiverSurveyor M9","JPL","Atchafalaya","Fall 2021","ADCP_20210818-161425_ATCH-ICWW_ICWW-A_009_Rep2_Bathy.csv",9,"ATCH-ICWW","ICWW-A",2,29.64450475,-91.36804706,"2021-08-18","16:14:25",1,29.64276405,-91.36856277,"2021-08-18","16:25:27",663,29.64441324,-91.36821207,219.501,691.294,0.296,-0.049,-0.57,-2.18,-27.62,-3.3,33.68,-9999,"","Hydroboard"
"Sontek RiverSurveyor M9","JPL","Atchafalaya","Fall 2021","ADCP_20210818-163812_WLO_WLO-C_010_Rep1_Bathy.csv",10,"WLO","WLO-C",1,29.6443586,-91.39667853,"2021-08-18","16:38:12",1,29.64413353,-91.39660101,"2021-08-18","16:53:10",899,29.64364437,-91.39361765,342.938,3945.7,0.368,0.482,13.88,94,1488.64,305.49,1902.01,-9999,"","Hydroboard"
"Sontek RiverSurveyor M9","JPL","Atchafalaya","Fall 2021","ADCP_20210818-165546_WLO_WLO-C_012_Rep2_Bathy.csv",12,"WLO","WLO-C",2,29.6443586,-91.39667853,"2021-08-18","16:55:46",1,29.64380555,-91.39355728,"2021-08-18","17:06:52",667,29.64452294,-91.39636337,333.947,3947.9,0.432,0.509,23.57,98.13,1586.35,299.49,2007.54,-9999,"","Hydroboard"
"Sontek RiverSurveyor M9","JPL","Atchafalaya","Fall 2021","ADCP_20210818-172531_WLO_WLO-B_013_Rep1_Bathy.csv",13,"WLO","WLO-B",1,29.65119347,-91.39994795,"2021-08-18","17:25:31",1,29.64991992,-91.40069091,"2021-08-18","17:33:05",455,29.65096169,-91.3997063,187.25,810.501,0.341,0.064,0.59,3.81,39.99,7.56,51.95,-9999,"","Hydroboard"
"Sontek RiverSurveyor M9","JPL","Atchafalaya","Fall 2021","ADCP_20210818-173538_WLO_WLO-B_014_Rep2_Bathy.csv",14,"WLO","WLO-B",2,29.65119347,-91.39994795,"2021-08-18","17:35:38",1,29.65096561,-91.39973765,"2021-08-18","17:42:01",384,29.65004874,-91.40084654,199.597,820.19,0.41,0.071,10.91,3.44,36.44,7.66,58.45,-9999,"","Hydroboard"
"Sontek RiverSurveyor M9","JPL","Atchafalaya","Fall 2021","ADCP_20210818-175329_WLO_WLO-A_015_Rep1_Bathy.csv",15,"WLO","WLO-A",1,29.65466254,-91.39171912,"2021-08-18","17:53:29",1,29.65459717,-91.39152043,"2021-08-18","18:01:20",472,29.65377462,-91.38991914,221.723,3433.97,0.436,0.59,21.97,94.78,1612.45,295.65,2024.85,-9999,"","Hydroboard"
"Sontek RiverSurveyor M9","JPL","Atchafalaya","Fall 2021","ADCP_20210818-180146_WLO_WLO-A_016_Rep2_Bathy.csv",16,"WLO","WLO-A",2,29.65466254,-91.39171912,"2021-08-18","18:01:46",1,29.65381732,-91.38983789,"2021-08-18","18:08:55",430,29.65465327,-91.39156304,218.996,3523.12,0.46,0.591,8.28,100.76,1652.57,319.74,2081.35,-9999,"","Hydroboard"
"Teledyne RiverPro","Caltech","Terrebonne","Fall 2021","ADCP_20210819-142627_CRMS0421_TS-TB-channel_001_Rep1_Bathy.csv",1,"CRMS0421","TS-TB-channel",1,-9999,-9999,"2021-08-19","14:26:27",198,29.17148702,-90.82275442,"2021-08-19","14:27:45",339,29.17153407,-90.82282491,9.152,6.775,0.178,0.033,0.008,0.037,0.209,0.017,0.269,36.276,"used bottom-track coordinates because GPS was not running","ADCP float"
"Teledyne RiverPro","Caltech","Terrebonne","Fall 2021","ADCP_20210819-143015_CRMS0421_TS-TB-channel_002_Rep2_Bathy.csv",2,"CRMS0421","TS-TB-channel",2,-9999,-9999,"2021-08-19","14:30:15",23,29.17148787,-90.82283837,"2021-08-19","14:31:34",164,29.17143906,-90.82276649,9.458,6.955,0.152,0.021,0,0.021,0.135,0.004,0.16,36.345,"used bottom-track coordinates because GPS was not running","ADCP float"
"Teledyne RiverPro","Caltech","Terrebonne","Fall 2021","ADCP_20210819-144220_CRMS0421_TS-TB-channel_003_Rep3_Bathy.csv",3,"CRMS0421","TS-TB-channel",3,-9999,-9999,"2021-08-19","14:42:20",25,29.17146217,-90.82286337,"2021-08-19","14:43:32",155,29.1714119,-90.82279709,9.196,6.91,0.352,0.014,0.049,0.017,0.086,0.016,0.168,219.572,"used bottom-track coordinates because GPS was not running","ADCP float"
"Teledyne RiverPro","Caltech","Terrebonne","Fall 2021","ADCP_20210819-144353_CRMS0421_TS-TB-channel_004_Rep4_Bathy.csv",4,"CRMS0421","TS-TB-channel",4,-9999,-9999,"2021-08-19","14:43:53",200,29.17146026,-90.82275322,"2021-08-19","14:44:57",315,29.17151241,-90.82282415,9.627,7.124,0.19,0.008,0.012,0.009,0.051,0.009,0.081,39.196,"used bottom-track coordinates because GPS was not running","ADCP float"
"Sontek RiverSurveyor M9","JPL","Atchafalaya","Fall 2021","ADCP_20210819-152623_WLO_WLO-Fan-D_003_Rep1_Bathy.csv",3,"WLO","WLO-Fan-D",1,29.51121016,-91.45181737,"2021-08-19","15:26:23",1,29.5088273,-91.44593424,"2021-08-19","15:51:41",1519,29.5105442,-91.45193625,647.082,2030.2,0.418,0.279,12.76,42.6,451.21,59.24,565.81,-9999,"","Hydroboard"
"Sontek RiverSurveyor M9","JPL","Atchafalaya","Fall 2021","ADCP_20210819-155341_WLO_WLO-Fan-D_004_Rep2_Bathy.csv",4,"WLO","WLO-Fan-D",2,29.51121016,-91.45181737,"2021-08-19","15:53:41",1,29.51053928,-91.45204467,"2021-08-19","16:28:46",2106,29.50828074,-91.44622407,654.351,2046.67,0.311,0.271,9.22,42.26,444,59.49,554.98,-9999,"","Hydroboard"
"Sontek RiverSurveyor M9","JPL","Atchafalaya","Fall 2021","ADCP_20210819-172535_WLO_WLO-D_001_Rep1_Bathy.csv",1,"WLO","WLO-D",1,29.544739,-91.42957934,"2021-08-19","17:25:35",1,29.54413774,-91.42597547,"2018-01-01","5:20:06",994,29.54524481,-91.42919174,356.134,4009.43,0.366,0.415,-0.02,88.07,1316.83,260.63,1665.5,-9999,"","Hydroboard"
"Sontek RiverSurveyor M9","JPL","Atchafalaya","Fall 2021","ADCP_20210819-174634_WLO_WLO-D_002_Rep2_Bathy.csv",2,"WLO","WLO-D",2,29.544739,-91.42957934,"2021-08-19","17:46:34",1,29.54540862,-91.42902932,"2018-01-01","5:39:48",916,29.54410439,-91.42607315,354.693,4105.28,0.377,0.404,1.58,86.36,1303.74,265.79,1657.47,-9999,"","Hydroboard"
"Teledyne RiverPro","Caltech","Terrebonne","Fall 2021","ADCP_20210819-191820_CRMS0421_TS-TB-bigchannel_001_Rep1_Bathy.csv",1,"CRMS0421","TS-TB-bigchanel",1,-9999,-9999,"2021-08-19","19:18:20",5715,29.17164298,-90.82564592,"2021-08-19","19:19:28",5808,29.17125923,-90.8246592,124.368,251.115,1.64,0.21,-2.386,13.196,44.039,5.757,60.606,207.463,"","Boat port side"
"Teledyne RiverPro","Caltech","Terrebonne","Fall 2021","ADCP_20210819-191945_CRMS0421_TS-TB-bigchannel_002_Rep2_Bathy.csv",2,"CRMS0421","TS-TB-bigchanel",2,-9999,-9999,"2021-08-19","19:19:45",5832,29.17133704,-90.82469223,"2021-08-19","19:20:38",5906,29.17151096,-90.82565806,116.416,234.65,1.836,0.371,0.526,22.122,73.194,9.028,104.87,190.936,"","Boat port side"
"Teledyne RiverPro","Caltech","Atchafalaya","Fall 2021","ADCP_20210820-144427_WLO_VP-ME-center_001_Rep1_Bathy.csv",1,"WLO","VP-ME-center",1,29.49455677,-91.4383133,"2021-08-20","14:44:27",4356,29.49306264,-91.44011088,"2021-08-20","14:47:26",4607,29.49384391,-91.43678634,354.334,930.092,3.69,0.222,0.119,48.378,180.231,17.441,246.17,164.752,"used bottom-track coordinates because GPS was not running","Boat port side"
"Teledyne RiverPro","Caltech","Atchafalaya","Fall 2021","ADCP_20210820-144751_WLO_VP-ME-center_002_Rep2_Bathy.csv",2,"WLO","VP-ME-center",2,29.49455677,-91.4383133,"2021-08-20","14:47:51",4640,29.4940189,-91.43680878,"2021-08-20","14:50:30",4859,29.49315088,-91.44005207,351.998,908.888,2.531,0.194,0.368,43.206,153.941,15.1,212.615,162.875,"used bottom-track coordinates because GPS was not running","Boat port side"
"Teledyne RiverPro","UNC","Atchafalaya","Fall 2021","ADCP_20210820-185511_ATCH-ICWW_Atch-A_000_Rep1_Bathy.csv",0,"ATCH-ICWW","Atch-A",1,29.653818,-91.24461584,"2021-08-20","18:55:11",310,29.65379804,-91.24445509,"2021-08-20","19:05:24",1165,29.6533734,-91.24035609,427.14,3840.09,0.672,0.232,0.068,43.921,795.166,104.938,944.093,45.62,"","Boat port side"
"Teledyne RiverPro","UNC","Atchafalaya","Fall 2021","ADCP_20210820-190852_ATCH-ICWW_Atch-A_001_Rep2_Bathy.csv",1,"ATCH-ICWW","Atch-A",2,29.653818,-91.24461584,"2021-08-20","19:08:52",67,29.65342563,-91.24045225,"2021-08-20","19:19:37",945,29.65379684,-91.24452802,415.95,3876.46,0.625,0.233,0.717,44.608,773.469,110.811,929.605,222.75,"","Boat port side"
"Teledyne RiverPro","Caltech","Atchafalaya","Fall 2021","ADCP_20210820-191426_WLO_GregPass-8_001_Rep1_Bathy.csv",1,"WLO","GregPass-8",1,-9999,-9999,"2021-08-20","19:14:26",4472,29.45257344,-91.43527064,"2021-08-20","19:16:18",4617,29.45333401,-91.43355827,204.885,179.003,1.689,0.062,-0.462,8.273,8.443,1.714,17.969,152.61,"","Boat port side"
"Teledyne RiverPro","Caltech","Atchafalaya","Fall 2021","ADCP_20210820-191632_WLO_GregPass-8_002_Rep2_Bathy.csv",2,"WLO","GregPass-8",2,-9999,-9999,"2021-08-20","19:16:32",4635,29.45341528,-91.43365804,"2021-08-20","19:18:21",4778,29.45260184,-91.43532199,201.44,169.041,1.723,0.193,3234.686,22.716,24.966,5.598,3181.406,331.573,"","Boat port side"
"Teledyne RiverPro","UNC","Atchafalaya","Fall 2021","ADCP_20210820-194809_ATCH-ICWW_Atch-B_002_Rep1_Bathy.csv",2,"ATCH-ICWW","Atch-B",1,29.59439671,-91.23339571,"2021-08-20","19:48:09",152,29.59140846,-91.24002427,"2021-08-20","20:01:03",1316,29.59441127,-91.23432041,722.46,3900.23,0.911,0.222,12.262,64.872,751.264,112.911,941.309,47.23,"","Boat port side"
"Teledyne RiverPro","UNC","Atchafalaya","Fall 2021","ADCP_20210820-200144_ATCH-ICWW_Atch-B_003_Rep2_Bathy.csv",3,"ATCH-ICWW","Atch-B",2,29.59439671,-91.23339571,"2021-08-20","20:01:44",1374,29.59441658,-91.23428799,"2021-08-20","20:17:34",2768,29.5913677,-91.24025025,760.57,4008.83,0.734,0.261,10.822,72.512,804.682,116.572,1004.588,206.21,"","Boat port side"
"Sontek RiverSurveyor M9","JPL","Atchafalaya","Fall 2021","ADCP_20210821-120519_ATCH-ICWW_Atch-0_004_Rep1_Bathy.csv",4,"ATCH-ICWW","Atch-0",1,29.66133,-91.23903,"2021-08-21","12:05:19",1,29.66199892,-91.24083461,"2021-08-21","12:23:15",1077,29.66068221,-91.23745803,404.575,4346.22,0.356,0.174,6.79,39.3,595.49,116.37,757.95,-9999,"","Hydroboard"
"Sontek RiverSurveyor M9","JPL","Atchafalaya","Fall 2021","ADCP_20210821-122408_ATCH-ICWW_Atch-0_005_Rep2_Bathy.csv",5,"ATCH-ICWW","Atch-0",2,29.66133,-91.23903,"2021-08-21","12:24:08",1,29.66071818,-91.23743954,"2021-08-21","12:40:07",960,29.66196816,-91.24095296,411.21,4342.44,0.394,0.194,9.35,43.22,655.23,132.53,840.33,-9999,"","Hydroboard"
"Sontek RiverSurveyor M9","JPL","Atchafalaya","Fall 2021","ADCP_20210821-124855_ATCH-ICWW_Atch-0_006_Rep1_Bathy.csv",6,"ATCH-ICWW","Atch-0",1,29.66133,-91.23903,"2021-08-21","12:48:55",1,29.65383378,-91.24440894,"2021-08-21","13:05:30",996,29.65320625,-91.24052518,422.998,3855.96,0.403,0.247,3.33,58.75,732.84,158.04,952.97,-9999,"","Hydroboard"
"Sontek RiverSurveyor M9","JPL","Atchafalaya","Fall 2021","ADCP_20210821-130623_ATCH-ICWW_Atch-0_007_Rep2_Bathy.csv",7,"ATCH-ICWW","Atch-0",2,29.66133,-91.23903,"2021-08-21","13:06:23",1,29.65326103,-91.2405779,"2021-08-21","13:18:26",724,29.65298701,-91.24454882,428.325,3834.27,0.549,0.301,5.65,69.4,893.5,185.86,1154.41,-9999,"","Hydroboard"
"Sontek RiverSurveyor M9","JPL","Atchafalaya","Fall 2021","ADCP_20210821-134907_ATCH-ICWW_Atch-B_008_Rep1_Bathy.csv",8,"ATCH-ICWW","Atch-B",1,29.59439671,-91.23339571,"2021-08-21","13:49:07",1,29.59168046,-91.24025445,"2021-08-21","14:10:43",1297,29.59405696,-91.23611653,518.385,2737.68,0.379,0.261,1.72,53.12,543.76,115.74,714.35,-9999,"","Hydroboard"
"Teledyne RiverPro","Caltech","Atchafalaya","Fall 2021","ADCP_20210821-135753_WLO_Apex_001_Rep1_Bathy.csv",1,"WLO","Apex",1,29.54099322,-91.42947841,"2021-08-21","13:57:53",242,29.54164036,-91.43197586,"2021-08-21","14:02:08",532,29.54074832,-91.42724994,515,3973.733,1.847,0.261,-1.495,73.079,920.435,76.231,1068.251,191.269,"","Boat port side"
"Teledyne RiverPro","Caltech","Atchafalaya","Fall 2021","ADCP_20210821-140225_WLO_Apex_002_Rep2_Bathy.csv",2,"WLO","Apex",2,29.54099322,-91.42947841,"2021-08-21","14:02:25",553,29.54080319,-91.42724074,"2021-08-21","14:06:19",816,29.5416529,-91.43185343,510.157,3899.476,1.991,0.428,0.267,124.578,1490.726,115.465,1731.036,193.824,"","Boat port side"
"Sontek RiverSurveyor M9","JPL","Atchafalaya","Fall 2021","ADCP_20210821-142904_ATCH-ICWW_Atch-B_009_Rep2_Bathy.csv",9,"ATCH-ICWW","Atch-B",2,29.59439671,-91.23339571,"2021-08-21","14:29:04",1,29.59426493,-91.23403094,"2021-08-21","14:50:03",1260,29.59189154,-91.24008876,788.449,3928.82,0.526,0.342,19.76,98.39,1018.74,205.29,1342.18,-9999,"","Hydroboard"
"Teledyne RiverPro","UNC","Atchafalaya","Fall 2021","ADCP_20210821-144826_ATCH-ICWW_ICWW-C_000_Rep1_Bathy.csv",0,"ATCH-ICWW","ICWW-C",1,29.65764502,-91.24970453,"2021-08-21","14:48:26",149,29.65753482,-91.24970024,"2021-08-21","14:54:08",679,29.65620087,-91.24937558,177.51,908.71,0.477,0.045,0.017,4.32,40.661,6.286,51.285,42.72,"","Boat port side"
"Teledyne RiverPro","UNC","Atchafalaya","Fall 2021","ADCP_20210821-145529_ATCH-ICWW_ICWW-C_001_Rep2_Bathy.csv",1,"ATCH-ICWW","ICWW-C",2,29.65764502,-91.24970453,"2021-08-21","14:55:29",801,29.65626472,-91.24926197,"2021-08-21","15:02:33",1445,29.65752705,-91.24971871,164,896.3,0.352,0.07,0.886,4.883,45.396,6.432,57.597,206.8,"","Boat port side"
"Teledyne RiverPro","UNC","Atchafalaya","Fall 2021","ADCP_20210821-150337_ATCH-ICWW_ICWW-C_002_Rep3_Bathy.csv",2,"ATCH-ICWW","ICWW-C",3,29.65764502,-91.24970453,"2021-08-21","15:03:37",1548,29.65750587,-91.24968787,"2021-08-21","15:11:35",2266,29.65619621,-91.2494206,170.69,908.42,0.317,0.08,1.231,5.627,48.889,7.476,63.222,25.23,"","Boat port side"
"Teledyne RiverPro","UNC","Atchafalaya","Fall 2021","ADCP_20210821-151941_ATCH-ICWW_ICWW-C_003_Rep4_Bathy.csv",3,"ATCH-ICWW","ICWW-C",4,29.65764502,-91.24970453,"2021-08-21","15:19:41",2931,29.65628292,-91.24932285,"2021-08-21","15:26:57",3586,29.65743795,-91.25002434,171.04,918.03,0.341,0.095,2.487,6.479,62.384,8.63,79.979,212.61,"","Boat port side"
"Sontek RiverSurveyor M9","JPL","Atchafalaya","Fall 2021","ADCP_20210821-152639_ATCH-ICWW_Atch-E_011_Rep1_Bathy.csv",11,"ATCH-ICWW","Atch-E",1,29.4937978,-91.26379425,"2021-08-21","15:26:39",1,29.49462263,-91.27203709,"2021-08-21","15:47:38",1260,29.4944785,-91.2652193,877.635,4585.62,0.534,0.276,27.25,84.03,971.26,185.19,1267.72,-9999,"","Hydroboard"
"Teledyne RiverPro","UNC","Atchafalaya","Fall 2021","ADCP_20210821-154204_ATCH-ICWW_ICWW-B_004_Rep1_Bathy.csv",4,"ATCH-ICWW","ICWW-B",1,29.6401508,-91.31983567,"2021-08-21","15:42:04",4439,29.64007138,-91.3195957,"2021-08-21","15:48:06",4960,29.63872446,-91.31935613,170.89,673.11,0.435,0.054,-0.013,3.963,33.364,4.131,41.446,27.33,"","Boat port side"
"Teledyne RiverPro","UNC","Atchafalaya","Fall 2021","ADCP_20210821-154906_ATCH-ICWW_ICWW-B_005_Rep2_Bathy.csv",5,"ATCH-ICWW","ICWW-B",2,29.6401508,-91.31983567,"2021-08-21","15:49:06",5054,29.6387317,-91.3193723,"2021-08-21","15:53:22",5424,29.64007023,-91.3195519,166.23,665.93,0.593,0.063,0.368,4.444,36.344,4.61,45.765,223.79,"","Boat port side"
"Sontek RiverSurveyor M9","JPL","Atchafalaya","Fall 2021","ADCP_20210821-154908_ATCH-ICWW_Atch-E_012_Rep2_Bathy.csv",12,"ATCH-ICWW","Atch-E",2,29.4937978,-91.26379425,"2021-08-21","15:49:08",1,29.49441557,-91.26519944,"2021-08-21","16:12:35",1408,29.49500549,-91.2720192,893.39,4434.95,0.482,0.318,20.45,94.16,1094.15,203.01,1411.77,-9999,"","Hydroboard"
"Teledyne RiverPro","UNC","Atchafalaya","Fall 2021","ADCP_20210821-160357_ATCH-ICWW_ICWW-A_006_Rep1_Bathy.csv",6,"ATCH-ICWW","ICWW-A",1,29.64450475,-91.36804706,"2021-08-21","16:03:57",6010,29.64419394,-91.36779645,"2021-08-21","16:08:25",6416,29.64275202,-91.36830646,185.27,656.18,0.626,0.073,0.392,6.351,32.418,4.663,43.825,38.4,"","Boat port side"
"Teledyne RiverPro","UNC","Atchafalaya","Fall 2021","ADCP_20210821-161019_ATCH-ICWW_ICWW-A_007_Rep2_Bathy.csv",7,"ATCH-ICWW","ICWW-A",2,29.64450475,-91.36804706,"2021-08-21","16:10:19",6611,29.64285943,-91.36827485,"2021-08-21","16:16:55",7206,29.64431594,-91.36788868,185.81,655.32,0.425,0.071,0.552,5.938,38.976,5.084,50.55,221.98,"","Boat port side"
"Sontek RiverSurveyor M9","JPL","Atchafalaya","Fall 2021","ADCP_20210821-163230_ATCH-ICWW_Atch-D_002_Rep1_Bathy.csv",2,"ATCH-ICWW","Atch-D",1,29.53404974,-91.24399031,"2021-08-21","16:32:30",1,29.53554685,-91.24205673,"2018-01-01","16:42:28",599,29.53402165,-91.24360608,267.813,1137.54,0.398,0.339,2.93,27.87,295.65,59.08,385.54,-9999,"","Hydroboard"
"Teledyne RiverPro","UNC","Atchafalaya","Fall 2021","ADCP_20210821-163726_ATCH-ICWW_Atch-A_008_Rep1_Bathy.csv",8,"ATCH-ICWW","Atch-A",1,29.653818,-91.24461584,"2021-08-21","16:37:26",8195,29.65329674,-91.24049494,"2021-08-21","16:54:25",9529,29.65340391,-91.24448059,478.91,4406.65,0.452,0.281,-2.316,58.392,998.388,141.963,1196.427,195.36,"","Boat port side"
"Sontek RiverSurveyor M9","JPL","Atchafalaya","Fall 2021","ADCP_20210821-164326_ATCH-ICWW_Atch-D_003_Rep2_Bathy.csv",3,"ATCH-ICWW","Atch-D",2,29.53404974,-91.24399031,"2021-08-21","16:43:26",1,29.53390235,-91.24344681,"2018-01-01","16:52:33",548,29.53520711,-91.24196906,270.406,1144.21,0.403,0.302,3.16,25.06,265.98,51.2,345.4,-9999,"","Hydroboard"
"Teledyne RiverPro","UNC","Atchafalaya","Fall 2021","ADCP_20210821-165553_ATCH-ICWW_Atch-A_009_Rep2_Bathy.csv",9,"ATCH-ICWW","Atch-A",2,29.653818,-91.24461584,"2021-08-21","16:55:53",9673,29.65372103,-91.24445009,"2021-08-21","17:15:28",11264,29.65271945,-91.24052138,464.2,4317.45,0.405,0.32,1.797,59.649,1034.426,146.098,1241.97,86.7,"","Boat port side"
"Sontek RiverSurveyor M9","JPL","Atchafalaya","Fall 2021","ADCP_20210821-171736_ATCH-ICWW_Atch-C_013_Rep1_Bathy.csv",13,"ATCH-ICWW","Atch-C",1,29.58892867,-91.21166588,"2021-08-21","17:17:36",1,29.59160678,-91.21415223,"2021-08-21","17:29:39",724,29.59001609,-91.21175474,403.277,1402.07,0.418,0.312,13.74,32.42,325.98,64.69,436.84,-9999,"","Hydroboard"
"Teledyne RiverPro","UNC","Atchafalaya","Fall 2021","ADCP_20210821-173039_ATCH-ICWW_Atch-B_010_Rep1_Bathy.csv",10,"ATCH-ICWW","Atch-B",1,29.59439671,-91.23339571,"2021-08-21","17:30:39",119,29.59528341,-91.23457876,"2021-08-21","18:08:25",3436,29.59143032,-91.2403093,870.03,4519.81,0.396,0.276,1.41,92.308,965.267,135.324,1194.309,197.99,"","Boat port side"
"Sontek RiverSurveyor M9","JPL","Atchafalaya","Fall 2021","ADCP_20210821-173822_ATCH-ICWW_Atch-C_014_Rep2_Bathy.csv",14,"ATCH-ICWW","Atch-C",2,29.58892867,-91.21166588,"2021-08-21","17:38:22",1,29.59033203,-91.21148793,"2021-08-21","17:49:05",644,29.59209083,-91.21324862,399.638,1357.6,0.427,0.305,15.6,29.36,310.2,58.69,413.85,-9999,"","Hydroboard"
"Teledyne RiverPro","UNC","Atchafalaya","Fall 2021","ADCP_20210821-181336_ATCH-ICWW_Atch-B_013_Rep2_Bathy.csv",13,"ATCH-ICWW","Atch-B",2,29.59439671,-91.23339571,"2021-08-21","18:13:36",3944,29.59134923,-91.24032604,"2021-08-21","18:37:36",6154,29.59355375,-91.2336871,718.94,3902.42,0.498,0.281,3.397,86.06,948.517,136.316,1174.291,73.19,"","Boat port side"
"Sontek RiverSurveyor M9","JPL","Atchafalaya","Fall 2021","ADCP_20210821-182048_ATCH-ICWW_Atch-E_015_Rep1_Bathy.csv",15,"ATCH-ICWW","Atch-E",1,29.4937978,-91.26379425,"2021-08-21","18:20:48",1,29.49469338,-91.27208236,"2021-08-21","18:44:30",1423,29.49447251,-91.26407642,861.113,4617.95,0.551,0.29,9.42,93.86,1043.13,191.82,1338.24,-9999,"","Hydroboard"
"Sontek RiverSurveyor M9","JPL","Atchafalaya","Fall 2021","ADCP_20210821-184509_ATCH-ICWW_Atch-E_016_Rep2_Bathy.csv",16,"ATCH-ICWW","Atch-E",2,29.4937978,-91.26379425,"2021-08-21","18:45:09",1,29.49455568,-91.26401471,"2021-08-21","19:17:16",1928,29.49607105,-91.27178704,878.558,4467.82,0.417,0.339,8.5,103.82,1187.39,216.69,1516.4,-9999,"","Hydroboard"
"Teledyne RiverPro","UNC","Atchafalaya","Fall 2021","ADCP_20210821-190040_ATCH-ICWW_Atch-0_014_Rep1_Bathy.csv",14,"ATCH-ICWW","Atch-0",1,29.662138,-91.241094,"2021-08-21","19:00:40",7317,29.66209496,-91.23677813,"2021-08-21","19:20:15",8720,29.66268203,-91.24051979,463.37,5306.41,0.4,0.225,1.212,46.377,1194.774,162.824,1405.187,235.95,"","Boat port side"
"Teledyne RiverPro","Caltech","Atchafalaya","Fall 2021","ADCP_20210821-190157_WLO_VP-MW-center_001_Rep1_Bathy.csv",1,"WLO","VP-MW-center",1,29.51071771,-91.44863051,"2021-08-21","19:01:57",5184,29.5113774,-91.45182491,"2021-08-21","19:08:59",5774,29.50927211,-91.44575763,652.515,1705.161,1.51,0.213,1.787,89.024,313.108,34.208,438.127,201.348,"","Boat port side"
"Teledyne RiverPro","Caltech","Atchafalaya","Fall 2021","ADCP_20210821-190907_WLO_VP-MW-center_002_Rep2_Bathy.csv",2,"WLO","VP-MW-center",2,29.51071771,-91.44863051,"2021-08-21","19:09:07",5787,29.5092926,-91.44569434,"2021-08-21","19:16:35",6412,29.51129326,-91.45180116,645.102,1715.909,1.448,0.298,1.434,125.545,441.165,47.315,615.459,202.015,"","Boat port side"
"Teledyne RiverPro","UNC","Atchafalaya","Fall 2021","ADCP_20210821-192143_ATCH-ICWW_Atch-0_015_Rep2_Bathy.csv",15,"ATCH-ICWW","Atch-0",2,29.662138,-91.241094,"2021-08-21","19:21:43",8838,29.66264648,-91.24042474,"2021-08-21","19:37:56",10037,29.66147143,-91.23706329,396.16,4534.52,0.413,0.273,3.218,46.011,1198.695,147.034,1394.958,87.75,"","Boat port side"
"Teledyne RiverPro","UNC","Atchafalaya","Fall 2021","ADCP_20210821-194429_ATCH-ICWW_ICWW-C_016_Rep1_Bathy.csv",16,"ATCH-ICWW","ICWW-C",1,29.65764502,-91.24970453,"2021-08-21","19:44:29",10377,29.65744863,-91.24987103,"2021-08-21","19:59:29",11696,29.65609918,-91.24958947,184.54,946.36,0.192,0.165,2.248,11.599,127.915,18.423,160.185,74.77,"","Boat port side"
"Teledyne RiverPro","UNC","Atchafalaya","Fall 2021","ADCP_20210821-200043_ATCH-ICWW_ICWW-C_017_Rep2_Bathy.csv",17,"ATCH-ICWW","ICWW-C",2,29.65764502,-91.24970453,"2021-08-21","20:00:43",11811,29.65620407,-91.24955137,"2021-08-21","20:10:58",12728,29.65744907,-91.25021616,183.28,928.02,0.271,0.169,2.687,11.999,128.529,17.275,160.49,241.13,"","Boat port side"
"Teledyne RiverPro","UNC","Atchafalaya","Fall 2021","ADCP_20210821-201650_ATCH-ICWW_Atch-A_018_Rep1_Bathy.csv",18,"ATCH-ICWW","Atch-A",1,29.653818,-91.24461584,"2021-08-21","20:16:50",13111,29.65356976,-91.24044009,"2021-08-21","20:37:28",14728,29.65295619,-91.24456579,436.11,4123,0.359,0.331,1.496,58.379,1084.462,146.984,1291.322,207.59,"","Boat port side"
"Teledyne RiverPro","UNC","Atchafalaya","Fall 2021","ADCP_20210821-203836_ATCH-ICWW_Atch-A_019_Rep2_Bathy.csv",19,"ATCH-ICWW","Atch-A",2,29.653818,-91.24461584,"2021-08-21","20:38:36",14838,29.65293599,-91.24446491,"2021-08-21","20:52:58",15998,29.65182351,-91.24040933,455.02,4143.53,0.514,0.311,3.049,60.108,1105.447,135.912,1304.516,60.15,"","Boat port side"
"Teledyne RiverPro","Caltech","Atchafalaya","Fall 2021","ADCP_20210822-143814_WLO_VP-ME-center_001_Rep1_Bathy.csv",1,"WLO","VP-ME-center",1,29.49455677,-91.4383133,"2021-08-22","14:38:14",4902,29.49272379,-91.44018006,"2021-08-22","14:42:03",5215,29.49237653,-91.43708726,325.949,831.575,1.346,0.19,-1.005,38.362,135.526,15.212,188.096,186.554,"","Boat port side"
"Teledyne RiverPro","Caltech","Atchafalaya","Fall 2021","ADCP_20210822-144218_WLO_VP-ME-center_002_Rep2_Bathy.csv",2,"WLO","VP-ME-center",2,29.49455677,-91.4383133,"2021-08-22","14:42:18",5235,29.49245653,-91.43702049,"2021-08-22","14:46:08",5551,29.4926724,-91.44018039,327.797,835.042,1.357,0.288,-0.665,59.026,206.711,22.966,288.037,184.594,"","Boat port side"
"Teledyne RiverPro","Caltech","Atchafalaya","Fall 2021","ADCP_20210822-154225_WLO_GregPass-1_001_Rep1_Bathy.csv",1,"WLO","GregPass-1",1,-9999,-9999,"2021-08-22","15:42:25",187,29.51719479,-91.43806836,"2021-08-22","15:47:09",622,29.51578921,-91.43276288,555.275,1058.935,1.92,0.187,4.407,66.825,164.805,23.124,259.16,195.892,"","Boat port side"
"Teledyne RiverPro","Caltech","Atchafalaya","Fall 2021","ADCP_20210822-154733_WLO_GregPass-1_002_Rep2_Bathy.csv",2,"WLO","GregPass-1",2,-9999,-9999,"2021-08-22","15:47:33",658,29.51556977,-91.43275214,"2021-08-22","15:52:22",1102,29.51670858,-91.43783272,527.526,1034.938,1.781,0.32,-1.357,111.586,279.138,36.519,425.887,194.398,"","Boat port side"
"Teledyne RiverPro","Caltech","Atchafalaya","Fall 2021","ADCP_20210822-162430_WLO_GregPass-2_001_Rep1_Bathy.csv",1,"WLO","GregPass-2",1,-9999,-9999,"2021-08-22","16:24:30",4203,29.50782674,-91.43712439,"2021-08-22","16:27:48",4517,29.50765156,-91.43311947,412.554,992.524,1.992,0.162,5.632,43.092,137.559,15.71,201.994,179.84,"","Boat port side"
"Teledyne RiverPro","Caltech","Atchafalaya","Fall 2021","ADCP_20210822-162825_WLO_GregPass-2_002_Rep2_Bathy.csv",2,"WLO","GregPass-2",2,-9999,-9999,"2021-08-22","16:28:25",4572,29.50750004,-91.43307721,"2021-08-22","16:32:16",4942,29.50762209,-91.43716261,414.604,1011.735,1.742,0.297,5.921,81.048,258.569,28.492,374.03,183.424,"","Boat port side"
"Teledyne RiverPro","Caltech","Atchafalaya","Fall 2021","ADCP_20210822-164649_WLO_GregPass-3_001_Rep1_Bathy.csv",1,"WLO","GregPass-3",1,-9999,-9999,"2021-08-22","16:46:49",6329,29.49921753,-91.43977159,"2021-08-22","16:49:24",6570,29.49876055,-91.43640358,357.369,721.988,2.161,0.087,1.611,14.959,53.41,5.507,75.487,185.194,"","Boat port side"
"Teledyne RiverPro","Caltech","Atchafalaya","Fall 2021","ADCP_20210822-164945_WLO_GregPass-3_002_Rep2_Bathy.csv",2,"WLO","GregPass-3",2,-9999,-9999,"2021-08-22","16:49:45",6604,29.49854024,-91.43645702,"2021-08-22","16:52:30",6862,29.49895368,-91.43975752,356.446,712.674,1.968,0.258,4.089,51.526,156.658,17.514,229.787,189.133,"","Boat port side"
"Teledyne RiverPro","Caltech","Atchafalaya","Fall 2021","ADCP_20210822-170541_WLO_GregPass-4_001_Rep1_Bathy.csv",1,"WLO","GregPass-4",1,-9999,-9999,"2021-08-22","17:05:41",8107,29.48967933,-91.44030333,"2021-08-22","17:07:46",8299,29.4892349,-91.43782192,269.027,798.365,1.995,0.091,10.451,15.457,63.278,6.477,95.664,188.615,"","Boat port side"
"Teledyne RiverPro","Caltech","Atchafalaya","Fall 2021","ADCP_20210822-170805_WLO_GregPass-4_002_Rep2_Bathy.csv",2,"WLO","GregPass-4",2,-9999,-9999,"2021-08-22","17:08:05",8326,29.48903081,-91.43781961,"2021-08-22","17:10:00",8504,29.48914221,-91.44014335,255.568,780.646,1.977,0.24,-10.971,37.439,164.592,15.736,206.796,182.131,"","Boat port side"
"Teledyne RiverPro","Caltech","Atchafalaya","Fall 2021","ADCP_20210822-180515_WLO_GregPass-5_001_Rep1_Bathy.csv",1,"WLO","GregPass-5",1,-9999,-9999,"2021-08-22","18:05:15",1347,29.48048145,-91.4394314,"2021-08-22","18:07:51",1588,29.47995987,-91.43605142,391.093,744.07,2.175,0.069,-7.635,14.518,43.715,4.986,55.584,188.351,"","Boat port side"
"Teledyne RiverPro","Caltech","Atchafalaya","Fall 2021","ADCP_20210822-180810_WLO_GregPass-5_002_Rep2_Bathy.csv",2,"WLO","GregPass-5",2,-9999,-9999,"2021-08-22","18:08:10",1617,29.47975222,-91.43596707,"2021-08-22","18:11:15",1900,29.48001226,-91.43958446,446.624,766.627,1.923,0.233,-29.201,55.238,152.409,17.962,196.408,184.496,"","Boat port side"
"Teledyne RiverPro","Caltech","Atchafalaya","Fall 2021","ADCP_20210822-183244_WLO_GregPass-6_001_Rep1_Bathy.csv",1,"WLO","GregPass-6",1,-9999,-9999,"2021-08-22","18:32:44",3941,29.47294897,-91.44220558,"2021-08-22","18:36:40",4294,29.47187712,-91.43813237,444.459,683.078,1.784,0.134,7.422,35.569,75.801,11.18,129.973,196.019,"","Boat port side"
"Teledyne RiverPro","Caltech","Atchafalaya","Fall 2021","ADCP_20210822-183711_WLO_GregPass-6_002_Rep2_Bathy.csv",2,"WLO","GregPass-6",2,-9999,-9999,"2021-08-22","18:37:11",4342,29.47166474,-91.43821698,"2021-08-22","18:41:13",4706,29.47270969,-91.44214551,434.334,669.89,1.715,0.239,12.157,62.163,133.153,18.262,225.735,201.264,"","Boat port side"
"Teledyne RiverPro","Caltech","Atchafalaya","Fall 2021","ADCP_20210822-190629_WLO_GregPass-7_001_Rep1_Bathy.csv",1,"WLO","GregPass-7",1,-9999,-9999,"2021-08-22","19:06:29",7069,29.46319948,-91.43596595,"2021-08-22","19:09:52",7375,29.46285538,-91.43974749,401.285,508.644,1.837,0.247,0.414,50.041,102.075,14.467,166.997,172.359,"","Boat port side"
"Teledyne RiverPro","Caltech","Atchafalaya","Fall 2021","ADCP_20210822-191043_WLO_GregPass-7_002_Rep2_Bathy.csv",2,"WLO","GregPass-7",2,-9999,-9999,"2021-08-22","19:10:43",7456,29.46279568,-91.43980902,"2021-08-22","19:14:45",7822,29.46319257,-91.43591595,402.89,504.684,1.588,0.083,1.615,12.448,33.862,4,51.924,174.921,"","Boat port side"
"Teledyne RiverPro","Caltech","Atchafalaya","Fall 2021","ADCP_20210822-194232_WLO_GregPass-8_001_Rep1_Bathy.csv",1,"WLO","GregPass-8",1,-9999,-9999,"2021-08-22","19:42:32",10256,29.45244393,-91.43541624,"2021-08-22","19:44:27",10425,29.45326451,-91.43353995,228.877,155.642,1.814,0.061,1.36,2.883,6.914,0.715,11.872,152.627,"","Boat port side"
"Teledyne RiverPro","Caltech","Atchafalaya","Fall 2021","ADCP_20210822-194532_WLO_GregPass-8_002_Rep2_Bathy.csv",2,"WLO","GregPass-8",2,-9999,-9999,"2021-08-22","19:45:32",10524,29.45349803,-91.43336714,"2021-08-22","19:47:26",10692,29.4525952,-91.43531434,239.598,159.895,1.916,0.171,-2.465,22.164,20.117,4.872,44.688,150.103,"","Boat port side"
"Teledyne RiverPro","UNC","Atchafalaya","Fall 2021","ADCP_20210822-195528_WLO_WLO-C_000_Rep1_Bathy.csv",0,"WLO","WLO-C",1,29.6443586,-91.39667853,"2021-08-22","19:55:28",61,29.64433018,-91.39659033,"2021-08-22","20:12:28",1357,29.64297536,-91.39371925,401.34,4916.94,0.405,0.317,1.007,47.203,1405.59,193.354,1647.154,60.08,"","Boat port side"
"Sontek RiverSurveyor M9","JPL","Atchafalaya","Fall 2021","ADCP_20210822-200549_WLO_WLO-D_008_Rep1_Bathy.csv",8,"WLO","WLO-D",1,29.544739,-91.42957934,"2021-08-22","20:05:49",1,29.54418487,-91.42606452,"2021-08-22","20:24:02",1094,29.54503685,-91.42935456,365.883,4041.45,0.334,0.386,0.79,83.55,1236.76,239.12,1560.22,-9999,"","Hydroboard"
"Teledyne RiverPro","UNC","Atchafalaya","Fall 2021","ADCP_20210822-201344_WLO_WLO-C_001_Rep2_Bathy.csv",1,"WLO","WLO-C",2,29.6443586,-91.39667853,"2021-08-22","20:13:44",1484,29.64308233,-91.39372163,"2021-08-22","20:35:35",3101,29.64392488,-91.39684612,361.35,4241.15,0.3,0.336,1.17,50.6,1406.802,194.806,1653.377,188.5,"","Boat port side"
"Teledyne RiverPro","Caltech","Atchafalaya","Fall 2021","ADCP_20210822-201737_WLO_GregPass-6_001_Rep1_Bathy.csv",1,"WLO","GregPass-6",1,-9999,-9999,"2021-08-22","20:17:37",13438,29.47297959,-91.44204251,"2021-08-22","20:20:33",13703,29.47198829,-91.438158,466.176,633.607,2.27,0.157,17.222,37.374,82.799,11.043,148.437,197.016,"","Boat port side"
"Sontek RiverSurveyor M9","JPL","Atchafalaya","Fall 2021","ADCP_20210822-202036_WLO_WLO-Fan-C_009_Rep2_Bathy.csv",9,"WLO","WLO-Fan-C",2,29.52084344,-91.4470086,"2021-08-22","20:20:36",1,29.51686666,-91.43926996,"2021-08-22","20:56:26",2151,29.52173178,-91.44601726,894.174,2903.26,0.412,0.294,8.64,68.51,675.51,101.9,854.55,-9999,"","Hydroboard"
"Teledyne RiverPro","Caltech","Atchafalaya","Fall 2021","ADCP_20210822-202102_WLO_GregPass-6_002_Rep2_Bathy.csv",2,"WLO","GregPass-6",2,-9999,-9999,"2021-08-22","20:21:02",13749,29.47178961,-91.4380837,"2021-08-22","20:24:30",14065,29.47318526,-91.44180939,462.826,640.142,1.906,0.314,-22.864,81.349,166.971,23.632,249.089,201.174,"","Boat port side"
"Sontek RiverSurveyor M9","JPL","Atchafalaya","Fall 2021","ADCP_20210822-202454_WLO_WLO-D_010_Rep2_Bathy.csv",10,"WLO","WLO-D",2,29.544739,-91.42957934,"2021-08-22","20:24:54",1,29.5450199,-91.42927222,"2021-08-22","20:36:14",681,29.54406587,-91.42614792,351.577,4077.92,0.498,0.418,3.12,87.51,1347.49,266.7,1704.81,-9999,"","Hydroboard"
"Teledyne RiverPro","Caltech","Atchafalaya","Fall 2021","ADCP_20210822-203834_WLO_GregPass-5_001_Rep1_Bathy.csv",1,"WLO","GregPass-5",1,-9999,-9999,"2021-08-22","20:38:34",15415,29.48040241,-91.43945191,"2021-08-22","20:41:29",15684,29.48017654,-91.4360172,403.019,733.913,1.945,0.177,2.927,38.465,110.526,13.148,165.066,181.547,"","Boat port side"
"Teledyne RiverPro","Caltech","Atchafalaya","Fall 2021","ADCP_20210822-204151_WLO_GregPass-5_002_Rep2_Bathy.csv",2,"WLO","GregPass-5",2,-9999,-9999,"2021-08-22","20:41:51",15718,29.47995153,-91.43596723,"2021-08-22","20:44:53",15997,29.48014455,-91.43954934,446.296,733.446,1.938,0.324,-1.138,74.424,202.231,24.025,299.542,183.105,"","Boat port side"
"Teledyne RiverPro","UNC","Atchafalaya","Fall 2021","ADCP_20210822-204338_WLO_WLO-A_002_Rep1_Bathy.csv",2,"WLO","WLO-A",1,29.65466254,-91.39171912,"2021-08-22","20:43:38",3554,29.65420709,-91.39169795,"2021-08-22","20:53:48",4191,29.65319548,-91.39008792,227.71,3979.58,0.389,0.454,4.971,36.169,1436.916,188.553,1666.609,87.73,"","Boat port side"
"Sontek RiverSurveyor M9","JPL","Atchafalaya","Fall 2021","ADCP_20210822-204636_WLO_WLO-E_011_Rep1_Bathy.csv",11,"WLO","WLO-E",1,29.53350428,-91.43425005,"2021-08-22","20:46:36",1,29.53223201,-91.43013602,"2021-08-22","21:07:17",1242,29.53298579,-91.43426004,473.362,3751.49,0.358,0.406,7.62,93.79,1186.4,236.89,1524.7,-9999,"","Hydroboard"
"Teledyne RiverPro","UNC","Atchafalaya","Fall 2021","ADCP_20210822-205543_WLO_WLO-A_003_Rep2_Bathy.csv",3,"WLO","WLO-A",2,29.65466254,-91.39171912,"2021-08-22","20:55:43",4338,29.65314537,-91.39017172,"2021-08-22","21:11:12",5357,29.65370921,-91.39208124,239.22,3938.6,0.297,0.444,4.365,38.259,1493.885,192.966,1729.474,172.4,"","Boat port side"
"Sontek RiverSurveyor M9","JPL","Atchafalaya","Fall 2021","ADCP_20210822-205848_WLO_HogBayou_012_Rep1_Bathy.csv",12,"WLO","HogBayou",1,29.57214,-91.42485,"2021-08-22","20:58:48",1,29.5718311,-91.42496653,"2021-08-22","21:02:28",221,29.57247837,-91.42483324,96.312,234.72,0.357,0.071,0.64,1.33,12.95,1.7,16.62,-9999,"","Hydroboard"
"Sontek RiverSurveyor M9","JPL","Atchafalaya","Fall 2021","ADCP_20210822-205851_WLO_WLO-Fan-C_013_Rep1_Bathy.csv",13,"WLO","WLO-Fan-C",1,29.52084344,-91.4470086,"2021-08-22","20:58:51",1,29.5215994,-91.44589825,"2021-08-22","21:29:24",1834,29.51686144,-91.43913796,900.173,2939.77,0.474,0.36,16.76,87.33,815.62,138.47,1058.18,-9999,"","Hydroboard"
"Teledyne RiverPro","Caltech","Atchafalaya","Fall 2021","ADCP_20210822-210047_WLO_GregPass-4_001_Rep1_Bathy.csv",1,"WLO","GregPass-4",1,-9999,-9999,"2021-08-22","21:00:47",17502,29.48933269,-91.44020807,"2021-08-22","21:02:52",17693,29.48912688,-91.43785848,264.703,759.294,1.877,0.18,16.918,27.419,119.388,11.383,175.109,182.678,"","Boat port side"
"Sontek RiverSurveyor M9","JPL","Atchafalaya","Fall 2021","ADCP_20210822-210234_WLO_HogBayou_014_Rep2_Bathy.csv",14,"WLO","HogBayou",2,29.57214,-91.42485,"2021-08-22","21:02:34",1,29.57248391,-91.42481303,"2021-08-22","21:06:35",242,29.57185961,-91.42454031,101.022,224.825,0.364,0.09,1.27,1.65,15.42,2.01,20.34,-9999,"","Hydroboard"
"Teledyne RiverPro","Caltech","Atchafalaya","Fall 2021","ADCP_20210822-210316_WLO_GregPass-4_002_Rep2_Bathy.csv",2,"WLO","GregPass-4",2,-9999,-9999,"2021-08-22","21:03:16",17728,29.48894789,-91.43787449,"2021-08-22","21:05:18",17917,29.48905476,-91.44011575,245.545,752.874,1.788,0.33,-1.395,48.326,218.567,20.091,285.59,183.241,"","Boat port side"
"Sontek RiverSurveyor M9","JPL","Atchafalaya","Fall 2021","ADCP_20210822-210831_WLO_WLO-E_015_Rep2_Bathy.csv",15,"WLO","WLO-E",2,29.53350428,-91.43425005,"2021-08-22","21:08:31",1,29.53292481,-91.4341549,"2021-08-22","21:20:58",748,29.53201963,-91.43002498,475.516,3772.38,0.569,0.437,14.9,100.63,1285.35,248.97,1649.84,-9999,"","Hydroboard"
"Teledyne RiverPro","UNC","Atchafalaya","Fall 2021","ADCP_20210822-212416_WLO_WLO-B_004_Rep1_Bathy.csv",4,"WLO","WLO-B",1,29.65119347,-91.39994795,"2021-08-22","21:24:16",6460,29.65095913,-91.39988405,"2021-08-22","21:39:21",7764,29.64980478,-91.40033925,180.53,875.37,0.194,0.131,0.587,7.461,82.059,10.928,101.034,73.95,"","Boat port side"
"Teledyne RiverPro","Caltech","Atchafalaya","Fall 2021","ADCP_20210822-213132_WLO_GregPass-3_001_Rep1_Bathy.csv",1,"WLO","GregPass-3",1,-9999,-9999,"2021-08-22","21:31:32",138,29.49925047,-91.43978719,"2021-08-22","21:34:29",413,29.4986263,-91.4364119,357.034,688.291,1.905,0.208,2.551,39.193,122.371,12.695,176.81,189.261,"","Boat port side"
"Teledyne RiverPro","Caltech","Atchafalaya","Fall 2021","ADCP_20210822-213454_WLO_GregPass-3_002_Rep2_Bathy.csv",2,"WLO","GregPass-3",2,-9999,-9999,"2021-08-22","21:34:54",452,29.49839357,-91.43642445,"2021-08-22","21:37:59",739,29.49901961,-91.4398062,356.895,683.129,1.822,0.373,-3.728,73.446,217.997,23.113,310.829,191.051,"","Boat port side"
"Teledyne RiverPro","UNC","Atchafalaya","Fall 2021","ADCP_20210822-214039_WLO_WLO-B_005_Rep2_Bathy.csv",5,"WLO","WLO-B",2,29.65119347,-91.39994795,"2021-08-22","21:40:39",7878,29.64991751,-91.40029144,"2021-08-22","21:47:15",8469,29.65099092,-91.39994828,147.15,706.32,0.336,0.135,3.608,6.81,77.631,9.975,98.025,243.9,"","Boat port side"
"Teledyne RiverPro","Caltech","Atchafalaya","Fall 2021","ADCP_20210822-215340_WLO_GregPass-2_001_Rep1_Bathy.csv",1,"WLO","GregPass-2",1,-9999,-9999,"2021-08-22","21:53:40",2251,29.50774613,-91.43712731,"2021-08-22","21:56:59",2574,29.50744909,-91.43320536,414.363,912.428,1.974,0.234,12.704,61.59,184.984,19.226,278.505,183.149,"","Boat port side"
"Teledyne RiverPro","UNC","Atchafalaya","Fall 2021","ADCP_20210822-215717_ATCH-ICWW_ICWW-A_006_Rep1_Bathy.csv",6,"ATCH-ICWW","ICWW-A",1,29.64450475,-91.36804706,"2021-08-22","21:57:17",9012,29.6443947,-91.36840576,"2021-08-22","22:12:23",10363,29.6427652,-91.36841639,207.12,650.46,0.209,0.175,0.293,13.26,90.403,10.801,114.757,72.42,"","Boat port side"
"Teledyne RiverPro","Caltech","Atchafalaya","Fall 2021","ADCP_20210822-215728_WLO_GregPass-2_002_Rep2_Bathy.csv",2,"WLO","GregPass-2",2,-9999,-9999,"2021-08-22","21:57:28",2620,29.50719454,-91.43323071,"2021-08-22","22:00:47",2939,29.50752616,-91.43712394,406.941,916.979,1.925,0.4,15.086,105.099,318.422,33.407,472.013,185.477,"","Boat port side"
"Teledyne RiverPro","UNC","Atchafalaya","Fall 2021","ADCP_20210822-221310_ATCH-ICWW_ICWW-A_007_Rep2_Bathy.csv",7,"ATCH-ICWW","ICWW-A",2,29.64450475,-91.36804706,"2021-08-22","22:13:10",10448,29.64284062,-91.36833121,"2021-08-22","22:23:02",11333,29.64448667,-91.3684523,201.63,661.54,0.316,0.186,0.628,14.148,95.314,11.161,121.251,238.76,"","Boat port side"
"Teledyne RiverPro","Caltech","Atchafalaya","Fall 2021","ADCP_20210822-221434_WLO_GregPass-1_001_Rep1_Bathy.csv",1,"WLO","GregPass-1",1,-9999,-9999,"2021-08-22","22:14:34",4252,29.5169278,-91.4379387,"2021-08-22","22:19:03",4661,29.51567567,-91.43274424,549.313,997.826,1.968,0.22,-0.33,78.715,185.243,23.703,287.33,194.134,"","Boat port side"
"Teledyne RiverPro","Caltech","Atchafalaya","Fall 2021","ADCP_20210822-221940_WLO_GregPass-1_002_Rep2_Bathy.csv",2,"WLO","GregPass-1",2,-9999,-9999,"2021-08-22","22:19:40",4716,29.51559668,-91.43274327,"2021-08-22","22:24:32",5161,29.51672151,-91.43782792,531.699,992.86,1.774,0.368,3.252,127.341,308.338,39.74,478.671,192.817,"","Boat port side"
"Teledyne RiverPro","UNC","Atchafalaya","Fall 2021","ADCP_20210822-223342_ATCH-ICWW_ICWW-B_008_Rep1_Bathy.csv",8,"ATCH-ICWW","ICWW-B",1,29.6401508,-91.31983567,"2021-08-22","22:33:42",11956,29.64007134,-91.31932584,"2021-08-22","22:42:15",12680,29.63869212,-91.31935088,170.72,660.77,0.305,0.17,1.009,10.725,89.849,10.381,111.965,19.75,"","Boat port side"
"Teledyne RiverPro","UNC","Atchafalaya","Fall 2021","ADCP_20210822-224320_ATCH-ICWW_ICWW-B_009_Rep2_Bathy.csv",9,"ATCH-ICWW","ICWW-B",2,29.6401508,-91.31983567,"2021-08-22","22:43:20",12797,29.63877442,-91.31940283,"2021-08-22","22:53:14",13634,29.64005911,-91.3194784,165.91,638.76,0.248,0.206,2.342,11.979,102.55,11.903,128.775,198.62,"","Boat port side"
"Sontek RiverSurveyor M9","JPL","Atchafalaya","Fall 2021","ADCP_20210822-225957_WLO_CoalboatPass_016_Rep1_Bathy.csv",16,"WLO","CoalboatPass",1,29.55668,-91.41665,"2021-08-22","22:59:57",1,29.55635116,-91.41673655,"2021-08-22","23:05:40",344,29.55706082,-91.41656881,98.348,287.108,0.279,-0.163,-1.27,-3.31,-37.73,-4.6,46.91,-9999,"","Hydroboard"
"Teledyne RiverPro","UNC","Atchafalaya","Fall 2021","ADCP_20210822-230655_ATCH-ICWW_ICWW-C_010_Rep1_Bathy.csv",10,"ATCH-ICWW","ICWW-C",1,29.65764502,-91.24970453,"2021-08-22","23:06:55",14436,29.65751449,-91.24974353,"2021-08-22","23:18:27",15464,29.65609658,-91.24983432,177.7,917.2,0.248,0.215,3.169,13.982,160.116,22.78,200.046,48.63,"","Boat port side"
"Sontek RiverSurveyor M9","JPL","Atchafalaya","Fall 2021","ADCP_20210822-230736_WLO_CoalboatPass_018_Rep2_Bathy.csv",18,"WLO","CoalboatPass",2,29.55668,-91.41665,"2021-08-22","23:07:36",1,29.55706612,-91.41658852,"2021-08-22","23:11:50",255,29.55629666,-91.41648055,106.474,295.334,0.398,-0.127,-0.16,-2.87,-30.18,-4.25,37.46,-9999,"","Hydroboard"
"Teledyne RiverPro","UNC","Atchafalaya","Fall 2021","ADCP_20210822-232002_ATCH-ICWW_ICWW-C_011_Rep2_Bathy.csv",11,"ATCH-ICWW","ICWW-C",2,29.65764502,-91.24970453,"2021-08-22","23:20:02",15618,29.65616988,-91.24983686,"2021-08-22","23:28:43",16410,29.65744881,-91.25022385,170.97,848.06,0.299,0.213,5.022,13.056,145.509,20.134,183.721,203.23,"","Boat port side"
"Sontek RiverSurveyor M9","JPL","Atchafalaya","Fall 2021","ADCP_20210822-234318_WLO_BayouBlue_019_Rep1_Bathy.csv",19,"WLO","BayouBlue",1,29.580718,-91.42281,"2021-08-22","23:43:18",1,29.58056515,-91.42299609,"2021-08-22","23:47:45",268,29.58114714,-91.42201443,197.674,159.073,0.424,0.272,5.7,5.64,27.95,3.98,43.27,-9999,"","Hydroboard"
"Sontek RiverSurveyor M9","JPL","Atchafalaya","Fall 2021","ADCP_20210822-234751_WLO_BayouBlue_020_Rep2_Bathy.csv",20,"WLO","BayouBlue",2,29.580718,-91.42281,"2021-08-22","23:47:51",1,29.58116781,-91.42199279,"2021-08-22","23:55:40",470,29.58019639,-91.42266175,242.643,192.393,0.334,0.267,6.1,7.8,32.59,4.89,51.39,-9999,"","Hydroboard"
"Teledyne RiverPro","Caltech","Terrebonne","Fall 2021","ADCP_20210823-145025_CRMS0421_TS-TB-bigchannel_001_Rep1_Bathy.csv",1,"CRMS0421","TS-TB-bigchanel",1,-9999,-9999,"2021-08-23","14:50:25",6916,29.17146093,-90.82568576,"2021-08-23","14:51:33",7013,29.17110247,-90.82468112,142.923,236.349,1.569,0.096,10.422,5.616,19.381,1.929,37.349,18.937,"","Boat port side"
"Sontek RiverSurveyor M9","JPL","Terrebonne","Fall 2021","ADCP_20210823-145130_CRMS0421_CRMS0421-B_001_Rep1_Bathy.csv",1,"CRMS0421","CRMS0421-B",1,29.194505,-90.821588,"2021-08-23","14:51:30",1,29.193749,-90.82065959,"2021-08-23","15:00:44",555,29.19452593,-90.82140502,145.808,218.994,0.263,-0.072,0.03,-1.76,-12.39,-1.65,15.76,-9999,"","Hydroboard"
"Teledyne RiverPro","Caltech","Terrebonne","Fall 2021","ADCP_20210823-145154_CRMS0421_TS-TB-bigchannel_002_Rep2_Bathy.csv",2,"CRMS0421","TS-TB-bigchanel",2,-9999,-9999,"2021-08-23","14:51:54",7044,29.1709642,-90.82471616,"2021-08-23","14:53:05",7142,29.17126281,-90.82573105,140.025,231.983,1.498,0.035,7.101,3.197,6.964,1.058,18.321,200.384,"","Boat port side"
"Sontek RiverSurveyor M9","JPL","Terrebonne","Fall 2021","ADCP_20210823-150050_CRMS0421_CRMS0421-B_002_Rep2_Bathy.csv",2,"CRMS0421","CRMS0421-B",2,29.194505,-90.821588,"2021-08-23","15:00:50",1,29.19451339,-90.82142938,"2021-08-23","15:05:27",278,29.19361629,-90.82069794,143.027,233.164,0.443,-0.031,0.08,-0.71,-5.78,-0.74,7.15,-9999,"","Hydroboard"
"Sontek RiverSurveyor M9","JPL","Terrebonne","Fall 2021","ADCP_20210823-151138_CRMS0421_CRMS0421-C_003_Rep1_Bathy.csv",3,"CRMS0421","CRMS0421-C",1,29.194532,-90.818045,"2021-08-23","15:11:38",1,29.19461452,-90.81844871,"2021-08-23","15:19:48",491,29.19327658,-90.8191648,190.048,241.25,0.468,0.076,0.69,2.71,13.09,1.83,18.33,-9999,"","Hydroboard"
"Sontek RiverSurveyor M9","JPL","Terrebonne","Fall 2021","ADCP_20210823-152042_CRMS0421_CRMS0421-C_004_Rep2_Bathy.csv",4,"CRMS0421","CRMS0421-C",2,29.194532,-90.818045,"2021-08-23","15:20:42",1,29.19331091,-90.81927773,"2021-08-23","15:32:53",732,29.19432688,-90.81795569,185.803,233.238,0.282,0.11,0.66,3.44,19,2.61,25.72,-9999,"","Hydroboard"
"Sontek RiverSurveyor M9","JPL","Terrebonne","Fall 2021","ADCP_20210823-155417_CRMS0421_CRMS0421-D_005_Rep1_Bathy.csv",5,"CRMS0421","CRMS0421-D",1,29.172512,-90.825263,"2021-08-23","15:54:17",1,29.17239483,-90.82390783,"2021-08-23","16:03:40",564,29.17312131,-90.82476002,139.437,308.087,0.298,-0.024,0.52,-0.61,-6.51,-0.93,7.53,-9999,"","Hydroboard"
"Sontek RiverSurveyor M9","JPL","Terrebonne","Fall 2021","ADCP_20210823-160344_CRMS0421_CRMS0421-D_006_Rep2_Bathy.csv",6,"CRMS0421","CRMS0421-D",2,29.172512,-90.825263,"2021-08-23","16:03:44",1,29.17313069,-90.82475367,"2021-08-23","16:08:48",305,29.17221573,-90.82396267,140.347,318.894,0.423,0.008,-0.12,0.1,2.19,0.24,2.41,-9999,"","Hydroboard"
"Sontek RiverSurveyor M9","JPL","Terrebonne","Fall 2021","ADCP_20210823-162443_CRMS0421_CRMS0421-E_007_Rep1_Bathy.csv",7,"CRMS0421","CRMS0421-E",1,29.165807,-90.822319,"2021-08-23","16:24:43",1,29.16568038,-90.8224661,"2021-08-23","16:31:24",402,29.1660606,-90.8227917,81.291,97.957,0.176,-0.003,0.04,-0.04,-0.22,-0.05,0.27,-9999,"","Hydroboard"
"Sontek RiverSurveyor M9","JPL","Terrebonne","Fall 2021","ADCP_20210823-163429_CRMS0421_CRMS0421-E_008_Rep2_Bathy.csv",8,"CRMS0421","CRMS0421-E",2,29.165807,-90.822319,"2021-08-23","16:34:29",1,29.16618148,-90.82268356,"2021-08-23","16:38:02",214,29.16576634,-90.82237097,63.856,98.79,0.31,-0.008,-0.33,-0.05,-0.38,-0.07,0.83,-9999,"","Hydroboard"
"Sontek RiverSurveyor M9","JPL","Terrebonne","Fall 2021","ADCP_20210823-164000_CRMS0421_CRMS0421-E_009_Rep3_Bathy.csv",9,"CRMS0421","CRMS0421-E",3,29.165807,-90.822319,"2021-08-23","16:40:00",1,29.16618285,-90.82208428,"2021-08-23","16:45:32",333,29.1663912,-90.82247991,58.261,72.267,0.197,-0.038,-0.81,-0.3,-1.43,-0.22,2.76,-9999,"","Hydroboard"
"Sontek RiverSurveyor M9","JPL","Terrebonne","Fall 2021","ADCP_20210823-164537_CRMS0421_CRMS0421-E_010_Rep4_Bathy.csv",10,"CRMS0421","CRMS0421-E",4,29.165807,-90.822319,"2021-08-23","16:45:37",1,29.16636646,-90.82248815,"2021-08-23","16:48:08",152,29.16619487,-90.82205469,55.943,85.848,0.31,-0.007,-0.61,0.03,-0.04,0,0.62,-9999,"","Hydroboard"
"Sontek RiverSurveyor M9","JPL","Terrebonne","Fall 2021","ADCP_20210823-165859_CRMS0421_CRMS0421-F_011_Rep1_Bathy.csv",11,"CRMS0421","CRMS0421-F",1,29.162618,-90.825192,"2021-08-23","16:58:59",1,29.16281774,-90.82474641,"2021-08-23","17:06:15",437,29.16211025,-90.82331798,214.634,401.765,0.385,0.002,-0.82,-0.04,1.35,0.14,0.63,-9999,"","Hydroboard"
"Teledyne RiverPro","Caltech","Terrebonne","Fall 2021","ADCP_20210823-170154_CRMS0421_TS-TB-channel_001_Rep1_Bathy.csv",1,"CRMS0421","TS-TB-channel",1,-9999,-9999,"2021-08-23","17:01:54",235,29.17154594,-90.82284056,"2021-08-23","17:02:56",351,29.17153253,-90.8227656,8.149,4.985,0.751,0.013,0,0.014,0.059,0.006,0.078,10.551,"","ADCP float"
"Teledyne RiverPro","Caltech","Terrebonne","Fall 2021","ADCP_20210823-170321_CRMS0421_TS-TB-channel_002_Rep2_Bathy.csv",2,"CRMS0421","TS-TB-channel",2,-9999,-9999,"2021-08-23","17:03:21",400,29.17149846,-90.82275469,"2021-08-23","17:04:23",517,29.17151109,-90.82283478,8.504,5.096,0.32,0.005,0.002,0.005,0.025,0.001,0.033,9.73,"","ADCP float"
"Sontek RiverSurveyor M9","JPL","Terrebonne","Fall 2021","ADCP_20210823-171534_CRMS0421_CRMS0421-G_012_Rep1_Bathy.csv",12,"CRMS0421","CRMS0421-G",1,29.157583,-90.818361,"2021-08-23","17:15:34",1,29.15976316,-90.82029981,"2021-08-23","17:26:44",671,29.15767184,-90.81839627,339.083,512.451,0.478,-0.019,0.74,-1.4,-8.12,-1.11,9.88,-9999,"","Hydroboard"
"Sontek RiverSurveyor M9","JPL","Terrebonne","Fall 2021","ADCP_20210823-174731_CRMS0421_CRMS0421-B_013_Rep1_Bathy.csv",13,"CRMS0421","CRMS0421-B",1,29.194505,-90.821588,"2021-08-23","17:47:31",1,29.19466604,-90.82118683,"2021-08-23","17:52:15",285,29.19377026,-90.82066223,137.624,232.921,0.42,-0.005,-1.22,-0.14,0.11,-0.02,1.28,-9999,"","Hydroboard"
"Sontek RiverSurveyor M9","JPL","Terrebonne","Fall 2021","ADCP_20210823-175553_CRMS0421_CRMS0421-C_014_Rep1_Bathy.csv",14,"CRMS0421","CRMS0421-C",1,29.194532,-90.818045,"2021-08-23","17:55:53",1,29.19323086,-90.81865073,"2021-08-23","18:02:18",386,29.19443315,-90.81808925,180.735,227.504,0.401,-0.04,-0.83,-1.25,-6.16,-0.81,9.05,-9999,"","Hydroboard"
"Sontek RiverSurveyor M9","JPL","Terrebonne","Fall 2021","ADCP_20210824-144233_CRMS0421_CaillouLake_001_Rep1_Bathy.csv",1,"CRMS0421","CaillouLake",1,29.263032,-90.937148,"2021-08-24","14:42:33",1,29.2634636,-90.93420643,"2021-08-24","14:54:35",723,29.26217059,-90.93714905,372.645,2462.57,0.516,0.163,4.5,28.2,305.53,62.24,400.46,-9999,"","Hydroboard"
"Sontek RiverSurveyor M9","JPL","Terrebonne","Fall 2021","ADCP_20210824-150631_CRMS0421_CaillouLake_003_Rep2_Bathy.csv",3,"CRMS0421","CaillouLake",2,29.263032,-90.937148,"2021-08-24","15:06:31",1,29.26318008,-90.93703665,"2021-08-24","15:15:33",543,29.26341532,-90.93425005,326.159,2547.59,0.559,0.156,3.43,25.88,300.62,67.09,397.02,-9999,"","Hydroboard"
"Sontek RiverSurveyor M9","JPL","Terrebonne","Fall 2021","ADCP_20210824-162632_CRMS0396_CRMS0396-G_004_Rep1_Bathy.csv",4,"CRMS0396","CRMS0396-G",1,29.343276,-90.88468,"2021-08-24","16:26:32",1,29.34292043,-90.88383927,"2021-08-24","16:31:24",293,29.34319203,-90.8844998,116.673,79.041,0.264,0.009,0.2,0.13,0.31,0.08,0.71,-9999,"","Hydroboard"
"Sontek RiverSurveyor M9","JPL","Terrebonne","Fall 2021","ADCP_20210824-163212_CRMS0396_CRMS0396-G_005_Rep2_Bathy.csv",5,"CRMS0396","CRMS0396-G",2,29.343276,-90.88468,"2021-08-24","16:32:12",1,29.34324231,-90.8844765,"2021-08-24","16:34:17",126,29.34293271,-90.8840708,89.644,55.741,0.442,-0.024,-0.09,-0.25,-0.84,-0.13,1.31,-9999,"","Hydroboard"
"Sontek RiverSurveyor M9","JPL","Terrebonne","Fall 2021","ADCP_20210824-163934_CRMS0396_CRMS0396-F_006_Rep1_Bathy.csv",6,"CRMS0396","CRMS0396-F",1,29.343873,-90.885124,"2021-08-24","16:39:34",1,29.34394619,-90.88490827,"2021-08-24","16:42:08",155,29.3435172,-90.88475824,82.893,53.535,0.312,0.021,0.02,0.23,0.73,0.14,1.12,-9999,"","Hydroboard"
"Sontek RiverSurveyor M9","JPL","Terrebonne","Fall 2021","ADCP_20210824-164212_CRMS0396_CRMS0396-F_007_Rep2_Bathy.csv",7,"CRMS0396","CRMS0396-F",2,29.343873,-90.885124,"2021-08-24","16:42:12",1,29.34351167,-90.8847419,"2021-08-24","16:47:02",291,29.34397959,-90.88494716,92.718,61.817,0.219,-0.027,-0.17,-0.3,-1,-0.18,1.65,-9999,"","Hydroboard"
"Teledyne RiverPro","UNC","Terrebone","Fall 2021","ADCP_20210824-165205_CRMS0396_CRMS0396-A_000_Rep1_Bathy.csv",0,"CRMS0396","CRMS0396-A",1,29.331744,-90.888472,"2021-08-24","16:52:05",85,29.33196779,-90.88827863,"2021-08-24","16:56:28",452,29.3316792,-90.88807356,52.56,182.05,0.177,0.003,0.115,-0.002,-0.013,-0.009,0.091,295.58,"","Boat port side"
"Sontek RiverSurveyor M9","JPL","Terrebonne","Fall 2021","ADCP_20210824-165635_CRMS0396_CRMS0396-E_008_Rep1_Bathy.csv",8,"CRMS0396","CRMS0396-E",1,29.343718,-90.885423,"2021-08-24","16:56:35",1,29.34370201,-90.88547072,"2021-08-24","16:59:27",173,29.34373595,-90.88563396,18.701,22.867,0.111,-0.01,0,-0.04,-0.17,-0.03,0.24,-9999,"","Hydroboard"
"Sontek RiverSurveyor M9","JPL","Terrebonne","Fall 2021","ADCP_20210824-165936_CRMS0396_CRMS0396-E_009_Rep2_Bathy.csv",9,"CRMS0396","CRMS0396-E",2,29.343718,-90.885423,"2021-08-24","16:59:36",1,29.34373424,-90.88563537,"2021-08-24","17:01:30",115,29.34367732,-90.88548874,17.556,21.042,0.137,-0.007,0.01,-0.02,-0.12,-0.02,0.15,-9999,"","Hydroboard"
"Teledyne RiverPro","UNC","Terrebone","Fall 2021","ADCP_20210824-170055_CRMS0396_CRMS0396-A_001_Rep2_Bathy.csv",1,"CRMS0396","CRMS0396-A",2,29.331744,-90.888472,"2021-08-24","17:00:55",888,29.33180824,-90.88803669,"2021-08-24","17:05:13",1250,29.33169917,-90.88842145,46.54,186.6,0.165,0.002,0.157,0.039,0.338,0.046,0.58,262.62,"","Boat port side"
"Sontek RiverSurveyor M9","JPL","Terrebonne","Fall 2021","ADCP_20210824-170656_CRMS0396_CRMS0396-D_010_Rep1_Bathy.csv",10,"CRMS0396","CRMS0396-D",1,29.342599,-90.885912,"2021-08-24","17:06:56",1,29.3425534,-90.88570433,"2021-08-24","17:09:03",128,29.34247348,-90.88584781,18.996,22.3,0.14,-0.017,0.01,-0.06,-0.29,-0.05,0.39,-9999,"","Hydroboard"
"Teledyne RiverPro","UNC","Terrebone","Fall 2021","ADCP_20210824-170827_CRMS0396_CRMS0396-A_002_Rep3_Bathy.csv",2,"CRMS0396","CRMS0396-A",3,29.331744,-90.888472,"2021-08-24","17:08:27",1551,29.33197422,-90.8882455,"2021-08-24","17:10:39",1746,29.33182992,-90.88802107,33.33,128.16,0.226,0.01,0.568,-0.016,-0.159,-0.011,0.383,357.09,"","Boat port side"
"Sontek RiverSurveyor M9","JPL","Terrebonne","Fall 2021","ADCP_20210824-170907_CRMS0396_CRMS0396-D_011_Rep2_Bathy.csv",11,"CRMS0396","CRMS0396-D",2,29.342599,-90.885912,"2021-08-24","17:09:07",1,29.34247571,-90.88585015,"2021-08-24","17:11:26",140,29.3424628,-90.88568835,18.007,22.304,0.126,0,0,-0.01,0.01,0,0,-9999,"","Hydroboard"
"Sontek RiverSurveyor M9","JPL","Terrebonne","Fall 2021","ADCP_20210824-171554_CRMS0396_CRMS0396-C_012_Rep1_Bathy.csv",12,"CRMS0396","CRMS0396-C",1,29.341054,-90.885931,"2021-08-24","17:15:54",1,29.34089201,-90.88586407,"2021-08-24","17:18:22",149,29.3410523,-90.88588443,19.87,23.873,0.134,-0.01,0.01,-0.04,-0.19,-0.03,0.24,-9999,"","Hydroboard"
"Teledyne RiverPro","UNC","Terrebone","Fall 2021","ADCP_20210824-171632_CRMS0396_CRMS0396-B_003_Rep1_Bathy.csv",3,"CRMS0396","CRMS0396-B",1,29.331021,-90.888721,"2021-08-24","17:16:32",2259,29.33136517,-90.88861871,"2021-08-24","17:20:13",2582,29.33085667,-90.88856375,66.09,234.55,0.283,0.01,0.163,0.228,0.728,0.152,1.271,235.33,"","Boat port side"
"Sontek RiverSurveyor M9","JPL","Terrebonne","Fall 2021","ADCP_20210824-171828_CRMS0396_CRMS0396-C_013_Rep2_Bathy.csv",13,"CRMS0396","CRMS0396-C",2,29.341054,-90.885931,"2021-08-24","17:18:28",1,29.34105821,-90.88588458,"2021-08-24","17:20:56",149,29.34093049,-90.88565303,29.349,36.108,0.184,0.006,0,0.04,0.17,0.03,0.23,-9999,"","Hydroboard"
"Teledyne RiverPro","UNC","Terrebone","Fall 2021","ADCP_20210824-172152_CRMS0396_CRMS0396-B_004_Rep2_Bathy.csv",4,"CRMS0396","CRMS0396-B",2,29.331021,-90.888721,"2021-08-24","17:21:52",2755,29.33091949,-90.88859685,"2021-08-24","17:25:31",3108,29.33138734,-90.88863029,56.58,128.09,0.248,0.018,0.021,0.314,1.35,0.355,2.04,143.94,"","Boat port side"
"Sontek RiverSurveyor M9","JPL","Terrebonne","Fall 2021","ADCP_20210824-173922_CRMS0396_CRMS0396-B_014_Rep1_Bathy.csv",14,"CRMS0396","CRMS0396-B",1,29.331021,-90.888721,"2021-08-24","17:39:22",1,29.33138901,-90.88858022,"2021-08-24","17:42:22",181,29.33092314,-90.88857519,56.898,158.103,0.304,-0.033,-0.08,-0.41,-3.65,-1.08,5.22,-9999,"","Hydroboard"
"Teledyne RiverPro","UNC","Terrebone","Fall 2021","ADCP_20210824-174334_CRMS0396_CRMS0396-C_007_Rep1_Bathy.csv",7,"CRMS0396","CRMS0396-C",1,29.341054,-90.885931,"2021-08-24","17:43:34",4310,29.34110458,-90.88566597,"2021-08-24","17:45:20",4473,29.340962,-90.88563443,24.73,43.76,0.19,0.011,-0.142,0.029,0.106,0.011,0.005,191.78,"","Boat port side"
"Sontek RiverSurveyor M9","JPL","Terrebonne","Fall 2021","ADCP_20210824-174336_CRMS0396_CRMS0396-B_015_Rep2_Bathy.csv",15,"CRMS0396","CRMS0396-B",2,29.331021,-90.888721,"2021-08-24","17:43:36",1,29.33091865,-90.88857853,"2021-08-24","17:46:58",203,29.33139494,-90.88865066,57.106,180.722,0.283,-0.006,-0.02,-0.08,-0.88,-0.19,1.17,-9999,"","Hydroboard"
"Teledyne RiverPro","UNC","Terrebone","Fall 2021","ADCP_20210824-174707_CRMS0396_CRMS0396-C_008_Rep2_Bathy.csv",8,"CRMS0396","CRMS0396-C",2,29.341054,-90.885931,"2021-08-24","17:47:07",4646,29.34096519,-90.88571429,"2021-08-24","17:49:05",4835,29.34110632,-90.88572154,24.07,32.6,0.145,0.006,0.034,-0.034,0.067,-0.001,0.066,46.35,"","Boat port side"
"Sontek RiverSurveyor M9","JPL","Terrebonne","Fall 2021","ADCP_20210824-174815_CRMS0396_CRMS0396-A_016_Rep1_Bathy.csv",16,"CRMS0396","CRMS0396-A",1,29.331744,-90.888472,"2021-08-24","17:48:15",1,29.33138632,-90.8885849,"2021-08-24","17:51:31",197,29.3314061,-90.88800732,56.394,144.354,0.312,-0.019,-0.03,-0.18,-2.13,-0.44,2.78,-9999,"","Hydroboard"
"Sontek RiverSurveyor M9","JPL","Terrebonne","Fall 2021","ADCP_20210824-175136_CRMS0396_CRMS0396-A_017_Rep2_Bathy.csv",17,"CRMS0396","CRMS0396-A",2,29.331744,-90.888472,"2021-08-24","17:51:36",1,29.33140824,-90.88800888,"2021-08-24","17:55:38",243,29.33144598,-90.88857463,58.134,141.291,0.248,-0.008,-0.04,-0.05,-0.86,-0.15,1.11,-9999,"","Hydroboard"
"Sontek RiverSurveyor M9","JPL","Terrebonne","Fall 2021","ADCP_20210824-185400_CRMS0421_CaillouLake_018_Rep1_Bathy.csv",18,"CRMS0421","CaillouLake",1,29.263032,-90.937148,"2021-08-24","18:54:00",1,29.26376681,-90.93423807,"2021-08-24","19:04:49",650,29.26291536,-90.93702833,299.1,2541.69,0.505,-0.083,0.37,-10.76,-166.24,-33.42,210.04,-9999,"","Hydroboard"
"Sontek RiverSurveyor M9","JPL","Terrebonne","Fall 2021","ADCP_20210824-190456_CRMS0421_CaillouLake_019_Rep2_Bathy.csv",19,"CRMS0421","CaillouLake",2,29.263032,-90.937148,"2021-08-24","19:04:56",1,29.26285755,-90.93702179,"2021-08-24","19:15:33",638,29.26385118,-90.93420252,313.325,2581.01,0.471,0.057,-0.26,7.08,116.14,24.47,147.42,-9999,"","Hydroboard"
"Sontek RiverSurveyor M9","JPL","Atchafalaya","Fall 2021","ADCP_20210923-165100_FLB_OysterBayou_001_Rep1_Bathy.csv",1,"FLB","OysterBayou",1,29.244133,-91.134642,"2021-09-23","16:51:00",1,29.24415368,-91.13247665,"2021-09-23","16:53:51",172,29.24413209,-91.13462433,220.789,1684.11,1.105,0.042,-0.49,4.31,54.56,12.8,71.2,-9999,"","Hydroboard"
"Sontek RiverSurveyor M9","JPL","Atchafalaya","Fall 2021","ADCP_20210923-165356_FLB_OysterBayou_002_Rep2_Bathy.csv",2,"FLB","OysterBayou",2,29.244133,-91.134642,"2021-09-23","16:53:56",1,29.2440755,-91.13459913,"2021-09-23","16:57:38",223,29.24397376,-91.13251398,219.404,1799.97,0.851,0.083,-0.47,9.17,105.47,34.96,149.13,-9999,"","Hydroboard"
"Sontek RiverSurveyor M9","JPL","Atchafalaya","Fall 2021","ADCP_20210923-170337_FLB_OysterBayou_003_Rep3_Bathy.csv",3,"FLB","OysterBayou",3,29.244133,-91.134642,"2021-09-23","17:03:37",1,29.24410034,-91.13255903,"2021-09-23","17:07:49",253,29.24424823,-91.13455664,243.62,1689.62,0.835,0.022,1.69,2.1,26.71,7.33,37.83,-9999,"","Hydroboard"
"Sontek RiverSurveyor M9","JPL","Atchafalaya","Fall 2021","ADCP_20210923-170754_FLB_OysterBayou_004_Rep4_Bathy.csv",4,"FLB","OysterBayou",4,29.244133,-91.134642,"2021-09-23","17:07:54",1,29.24426035,-91.13456665,"2021-09-23","17:13:02",309,29.24400071,-91.13247097,239.757,1891.91,0.698,0.059,0.85,5.51,66.13,38.49,110.99,-9999,"","Hydroboard"
"Sontek RiverSurveyor M9","JPL","Atchafalaya","Fall 2021","ADCP_20210923-174509_FLB_CRMS0322-D_005_Rep1_Bathy.csv",5,"FLB","CRMS0322-D",1,29.250748,-91.11471,"2021-09-23","17:45:09",1,29.25111739,-91.11488557,"2021-09-23","17:46:24",76,29.25081654,-91.11473374,48.822,126.79,0.511,0.261,2.43,2.5,23.75,4.41,33.09,-9999,"","Hydroboard"
"Sontek RiverSurveyor M9","JPL","Atchafalaya","Fall 2021","ADCP_20210923-174633_FLB_CRMS0322-D_006_Rep2_Bathy.csv",6,"FLB","CRMS0322-D",2,29.250748,-91.11471,"2021-09-23","17:46:33",1,29.25083736,-91.11469936,"2021-09-23","17:48:04",92,29.25117936,-91.11485282,45.743,134.865,0.411,0.25,1.73,2.56,25.08,4.36,33.74,-9999,"","Hydroboard"
"Sontek RiverSurveyor M9","JPL","Atchafalaya","Fall 2021","ADCP_20210923-175606_FLB_CRMS0322-E_008_Rep1_Bathy.csv",8,"FLB","CRMS0322-E",1,29.252805,-91.105094,"2021-09-23","17:56:06",1,29.25282159,-91.10519707,"2021-09-23","17:57:07",62,29.25262156,-91.10545013,43.36,92.862,0.554,0.337,2.4,2.86,22.23,3.78,31.27,-9999,"","Hydroboard"
"Sontek RiverSurveyor M9","JPL","Atchafalaya","Fall 2021","ADCP_20210923-175715_FLB_CRMS0322-E_009_Rep2_Bathy.csv",9,"FLB","CRMS0322-E",2,29.252805,-91.105094,"2021-09-23","17:57:15",1,29.25256855,-91.10543573,"2021-09-23","17:59:02",108,29.25273158,-91.10504451,52.862,110.574,0.359,-0.293,-2.02,-3.05,-24.04,-3.26,32.37,-9999,"","Hydroboard"
"Sontek RiverSurveyor M9","JPL","Atchafalaya","Fall 2021","ADCP_20210923-193125_FLB_FLB-B_010_Rep1_Bathy.csv",10,"FLB","FLB-B",1,29.28602,-91.106957,"2021-09-23","19:31:25",1,29.29150321,-91.1088335,"2021-09-23","19:43:10",706,29.28622707,-91.10650065,652.482,1340.79,0.911,0.126,-0.55,16.8,126.03,26.48,168.76,-9999,"","Hydroboard"
"Sontek RiverSurveyor M9","JPL","Atchafalaya","Fall 2021","ADCP_20210923-194314_FLB_FLB-B_011_Rep2_Bathy.csv",11,"FLB","FLB-B",2,29.28602,-91.106957,"2021-09-23","19:43:14",1,29.28628324,-91.10639058,"2021-09-23","19:55:54",761,29.29171935,-91.10801898,645.695,1424.32,0.823,0.039,-0.78,2.06,40.61,13.78,55.68,-9999,"","Hydroboard"
"Sontek RiverSurveyor M9","JPL","Atchafalaya","Fall 2021","ADCP_20210923-195055_FLB_FLB-A_013_Rep1_Bathy.csv",13,"FLB","FLB-A",1,29.314974,-91.055307,"2021-09-23","19:50:55",1,29.31243685,-91.06033799,"2021-09-23","20:03:14",740,29.31469265,-91.05530636,593.452,886.065,0.78,0.243,0.9,32.65,157.62,24.39,215.56,-9999,"","Hydroboard"
"Sontek RiverSurveyor M9","JPL","Atchafalaya","Fall 2021","ADCP_20210923-200322_FLB_FLB-A_015_Rep2_Bathy.csv",15,"FLB","FLB-A",2,29.314974,-91.055307,"2021-09-23","20:03:22",1,29.31487649,-91.05533168,"2021-09-23","20:11:51",510,29.31315026,-91.06082106,582.177,856.561,1.116,0.342,0.32,42.9,215.15,34.37,292.75,-9999,"","Hydroboard"
"Sontek RiverSurveyor M9","JPL","Atchafalaya","Fall 2021","ADCP_20210923-200328_FLB_CRMS0399-Inlet_016_Rep1_Bathy.csv",16,"FLB","CRMS0399-Inlet",1,29.298259,-91.099574,"2021-09-23","20:03:28",1,29.29807473,-91.09980492,"2021-09-23","20:05:19",112,29.29848226,-91.09944131,74.136,48.377,0.595,0.03,-0.17,0.43,1.01,0.17,1.44,-9999,"","Hydroboard"
"Sontek RiverSurveyor M9","JPL","Atchafalaya","Fall 2021","ADCP_20210923-200524_FLB_CRMS0399-Inlet_017_Rep2_Bathy.csv",17,"FLB","CRMS0399-Inlet",2,29.298259,-91.099574,"2021-09-23","20:05:24",1,29.29850185,-91.09944073,"2021-09-23","20:07:11",108,29.29810943,-91.09994516,76.426,53.54,0.645,0.078,-0.15,1.25,2.57,0.53,4.2,-9999,"","Hydroboard"
"Teledyne RiverPro","UNC","Atchafalaya","Fall 2021","ADCP_20210925-161317_CRMS2568_CRMS2568-B_001_Rep1_Bathy.csv",1,"CRMS2568","CRMS2568-B",1,29.55767136,-91.35853632,"2021-09-25","16:13:17",114,29.55789865,-91.35823625,"2021-09-25","16:13:37",146,29.55794334,-91.35834048,19.37,24.3,0.607,0.106,-0.475,-0.437,-1.049,-0.154,-2.115,59.63,"","Boat port side"
"Teledyne RiverPro","UNC","Atchafalaya","Fall 2021","ADCP_20210925-161505_CRMS2568_CRMS2568-B_002_Rep2_Bathy.csv",2,"CRMS2568","CRMS2568-B",2,29.55767136,-91.35853632,"2021-09-25","16:15:05",281,29.55797178,-91.35824731,"2021-09-25","16:15:40",338,29.55788069,-91.35819591,19.85,23.7,0.342,0.077,-0.25,-0.34,-0.929,-0.127,-1.646,230.2,"","Boat port side"
"Teledyne RiverPro","UNC","Atchafalaya","Fall 2021","ADCP_20210925-162219_CRMS2568_CRMS2568-C_004_Rep1_Bathy.csv",4,"CRMS2568","CRMS2568-C",1,29.55736603,-91.35856158,"2021-09-25","16:22:19",903,29.55699629,-91.35837892,"2021-09-25","16:23:31",1030,29.55729539,-91.35835582,44.23,39.33,0.491,0.077,-0.075,1.261,1.572,0.428,3.186,69.22,"","Boat port side"
"Teledyne RiverPro","UNC","Atchafalaya","Fall 2021","ADCP_20210925-162543_CRMS2568_CRMS2568-C_005_Rep2_Bathy.csv",5,"CRMS2568","CRMS2568-C",2,29.55736603,-91.35856158,"2021-09-25","16:25:43",1251,29.5572375,-91.35827918,"2021-09-25","16:27:04",1391,29.55694152,-91.35834388,46.72,39.41,0.526,0.015,0.201,0.483,1.015,0.158,1.857,211.73,"","Boat port side"
"Teledyne RiverPro","UNC","Atchafalaya","Fall 2021","ADCP_20210925-162814_CRMS2568_CRMS2568-C_006_Rep3_Bathy.csv",6,"CRMS2568","CRMS2568-C",3,29.55736603,-91.35856158,"2021-09-25","16:28:14",1499,29.55697722,-91.35833613,"2021-09-25","16:29:43",1655,29.55728086,-91.35829418,45.87,38.8,0.411,0.075,-0.16,1.094,1.472,0.403,2.809,71.93,"","Boat port side"
"Teledyne RiverPro","UNC","Atchafalaya","Fall 2021","ADCP_20210925-181023_WLO_WLO-F_008_Rep1_Bathy.csv",8,"WLO","WLO-F",1,29.602636,-91.43122246,"2021-09-25","18:10:23",618,29.60254959,-91.43191826,"2021-09-25","18:13:34",929,29.6027201,-91.43131469,86.56,138.47,0.358,0.012,-0.481,-0.181,-0.457,-0.067,-1.186,196.79,"","Boat port side"
"Teledyne RiverPro","UNC","Atchafalaya","Fall 2021","ADCP_20210925-181537_WLO_WLO-F_009_Rep2_Bathy.csv",9,"WLO","WLO-F",2,29.602636,-91.43122246,"2021-09-25","18:15:37",1148,29.60271095,-91.43136673,"2021-09-25","18:18:14",1405,29.60249278,-91.43199215,93.32,135.9,0.426,0.007,-0.161,-0.129,0.156,-0.006,-0.14,314.41,"","Boat port side"
"Teledyne RiverPro","UNC","Atchafalaya","Fall 2021","ADCP_20210925-182202_WLO_WLO-F_010_Rep3_Bathy.csv",10,"WLO","WLO-F",3,29.602636,-91.43122246,"2021-09-25","18:22:02",16,29.60248245,-91.43188139,"2021-09-25","18:24:52",292,29.60262957,-91.43126954,89.58,145.44,0.377,0.021,0.259,0.603,1.911,0.334,3.107,39.35,"","Boat port side"
"Teledyne RiverPro","UNC","Atchafalaya","Fall 2021","ADCP_20210925-182609_WLO_WLO-F_011_Rep4_Bathy.csv",11,"WLO","WLO-F",4,29.602636,-91.43122246,"2021-09-25","18:26:09",431,29.60266077,-91.43133416,"2021-09-25","18:29:34",765,29.60254325,-91.43197821,91.37,140.13,0.313,0.014,-0.07,0.361,1.587,0.185,2.063,178.58,"","Boat port side"
"Teledyne RiverPro","UNC","Atchafalaya","Fall 2021","ADCP_20210925-183318_WLO_WLO-F_012_Rep5_Bathy.csv",12,"WLO","WLO-F",5,29.602636,-91.43122246,"2021-09-25","18:33:18",1167,29.60269324,-91.43196756,"2021-09-25","18:36:48",1511,29.60265603,-91.43132612,95.04,154.38,0.315,0.032,-0.224,0.993,2.915,0.361,4.045,78.76,"","Boat port side"
"Teledyne RiverPro","UNC","Atchafalaya","Fall 2021","ADCP_20210925-185525_WLO_WLO-F_013_Rep6_Bathy.csv",13,"WLO","WLO-F",6,29.602636,-91.43122246,"2021-09-25","18:55:25",143,29.60266612,-91.4320247,"2021-09-25","18:59:51",575,29.60275537,-91.43141198,91.65,137.69,0.234,0.047,0.81,-1.206,-4.671,-0.566,-5.633,81.87,"","Boat port side"
