ensemble,date,time,distance_traveled,river_depth,bin_width,latitude,longitude
7878,2021-08-22,21:40:39.440,0,7.52,0,29.64991751,-91.40029144
7879,2021-08-22,21:40:40.090,0.11,7.49,0.11,29.64991816,-91.40029082
7880,2021-08-22,21:40:40.750,0.21,7.49,0.1,29.64991878,-91.40029002
7881,2021-08-22,21:40:41.390,0.31,7.46,0.1,29.64991938,-91.40028928
7882,2021-08-22,21:40:42.040,0.43,7.52,0.12,29.64992,-91.40028848
7883,2021-08-22,21:40:42.690,0.53,7.49,0.1,29.64992079,-91.40028752
7884,2021-08-22,21:40:43.380,0.66,7.49,0.13,29.64992141,-91.40028678
7885,2021-08-22,21:40:44.040,0.77,7.52,0.11,29.64992222,-91.40028574
7886,2021-08-22,21:40:44.720,0.88,7.46,0.11,29.64992303,-91.40028474
7887,2021-08-22,21:40:45.550,1.01,7.49,0.13,29.64992366,-91.40028401
7888,2021-08-22,21:40:46.230,1.13,7.49,0.12,29.64992424,-91.40028322
7889,2021-08-22,21:40:46.880,1.23,7.52,0.1,29.64992506,-91.4002823
7890,2021-08-22,21:40:47.550,1.34,7.54,0.11,29.64992567,-91.40028156
7891,2021-08-22,21:40:48.190,1.42,7.6,0.08,29.64992628,-91.40028088
7892,2021-08-22,21:40:48.870,1.54,7.6,0.12,29.64992711,-91.40027997
7893,2021-08-22,21:40:49.510,1.63,7.63,0.09,29.64992772,-91.40027926
7894,2021-08-22,21:40:50.180,1.74,7.65,0.11,29.64992836,-91.40027862
7895,2021-08-22,21:40:50.840,1.84,7.65,0.1,29.64992919,-91.40027772
7896,2021-08-22,21:40:51.520,1.94,7.68,0.1,29.64992983,-91.40027706
7897,2021-08-22,21:40:52.170,2.05,7.71,0.11,29.64993047,-91.40027636
7898,2021-08-22,21:40:52.840,2.21,7.71,0.16,29.64993131,-91.40027573
7899,2021-08-22,21:40:53.470,2.36,7.68,0.15,29.64993299,-91.40027472
7900,2021-08-22,21:40:54.160,2.56,7.65,0.2,29.64993452,-91.40027383
7901,2021-08-22,21:40:54.790,2.74,7.65,0.18,29.64993609,-91.40027314
7902,2021-08-22,21:40:55.480,2.96,7.63,0.22,29.64993816,-91.40027214
7903,2021-08-22,21:40:56.150,3.16,7.6,0.2,29.64993975,-91.40027135
7904,2021-08-22,21:40:56.860,3.39,7.57,0.23,29.64994186,-91.40027043
7905,2021-08-22,21:40:57.510,3.59,7.54,0.2,29.64994345,-91.40026967
7906,2021-08-22,21:40:58.240,3.81,7.52,0.22,29.64994502,-91.40026896
7907,2021-08-22,21:40:58.890,4.01,7.49,0.2,29.64994712,-91.40026809
7908,2021-08-22,21:40:59.590,4.23,7.52,0.22,29.64994869,-91.40026739
7909,2021-08-22,21:41:00.260,4.43,7.4,0.2,29.64995077,-91.40026656
7910,2021-08-22,21:41:00.940,4.64,7.35,0.21,29.64995231,-91.40026598
7911,2021-08-22,21:41:01.580,4.81,7.32,0.17,29.64995384,-91.40026535
7912,2021-08-22,21:41:02.290,5.03,7.35,0.22,29.64995586,-91.40026457
7913,2021-08-22,21:41:02.950,5.21,7.35,0.18,29.64995737,-91.40026402
7914,2021-08-22,21:41:03.620,5.4,7.38,0.19,29.64995885,-91.40026349
7915,2021-08-22,21:41:04.250,5.57,7.49,0.17,29.64996082,-91.4002628
7916,2021-08-22,21:41:04.970,5.76,7.52,0.19,29.64996231,-91.40026235
7917,2021-08-22,21:41:05.620,5.94,7.6,0.18,29.64996428,-91.4002618
7918,2021-08-22,21:41:06.370,6.13,7.71,0.19,29.64996575,-91.40026139
7919,2021-08-22,21:41:07.060,6.32,7.74,0.19,29.64996772,-91.40026096
7920,2021-08-22,21:41:07.750,6.5,7.76,0.18,29.64996965,-91.40026055
7921,2021-08-22,21:41:08.630,6.75,7.76,0.25,29.64997158,-91.40026016
7922,2021-08-22,21:41:09.350,6.94,7.82,0.19,29.64997299,-91.40025985
7923,2021-08-22,21:41:10.040,7.14,7.76,0.2,29.64997496,-91.40025957
7924,2021-08-22,21:41:10.740,7.39,7.79,0.25,29.6499773,-91.40025944
7925,2021-08-22,21:41:11.580,7.69,7.76,0.3,29.64997946,-91.40025918
7926,2021-08-22,21:41:12.260,7.96,7.74,0.27,29.64998231,-91.40025918
7927,2021-08-22,21:41:12.910,8.22,7.68,0.26,29.64998437,-91.40025919
7928,2021-08-22,21:41:13.580,8.47,7.74,0.25,29.64998646,-91.40025909
7929,2021-08-22,21:41:14.220,8.69,7.76,0.22,29.64998853,-91.40025911
7930,2021-08-22,21:41:14.890,8.95,7.71,0.26,29.64999125,-91.40025931
7931,2021-08-22,21:41:15.530,9.18,7.74,0.23,29.6499933,-91.40025926
7932,2021-08-22,21:41:16.190,9.43,7.74,0.25,29.64999533,-91.40025941
7933,2021-08-22,21:41:16.840,9.67,7.71,0.24,29.64999803,-91.40025951
7934,2021-08-22,21:41:17.510,9.91,7.68,0.24,29.65000004,-91.40025968
7935,2021-08-22,21:41:18.180,10.15,7.68,0.24,29.65000201,-91.40025982
7936,2021-08-22,21:41:18.870,10.39,7.68,0.24,29.65000398,-91.40025994
7937,2021-08-22,21:41:19.500,10.61,7.65,0.22,29.65000658,-91.40026013
7938,2021-08-22,21:41:20.220,10.87,7.6,0.26,29.65000853,-91.40026037
7939,2021-08-22,21:41:20.880,11.1,7.54,0.23,29.65001109,-91.40026061
7940,2021-08-22,21:41:21.550,11.32,7.54,0.22,29.65001299,-91.40026086
7941,2021-08-22,21:41:22.260,11.58,7.57,0.26,29.65001555,-91.40026118
7942,2021-08-22,21:41:22.950,11.83,7.51,0.25,29.65001744,-91.40026149
7943,2021-08-22,21:41:23.610,12.05,7.51,0.22,29.65001996,-91.4002618
7944,2021-08-22,21:41:24.330,12.29,7.57,0.24,29.65002182,-91.40026206
7945,2021-08-22,21:41:24.980,12.5,7.51,0.21,29.65002365,-91.40026234
7946,2021-08-22,21:41:25.670,12.72,7.43,0.22,29.65002607,-91.40026271
7947,2021-08-22,21:41:26.340,12.94,7.38,0.22,29.65002791,-91.400263
7948,2021-08-22,21:41:27.020,13.16,7.29,0.22,29.65003034,-91.40026335
7949,2021-08-22,21:41:27.700,13.39,7.24,0.23,29.65003214,-91.40026365
7950,2021-08-22,21:41:28.400,13.61,7.24,0.22,29.65003393,-91.40026389
7951,2021-08-22,21:41:29.090,13.83,7.35,0.22,29.6500363,-91.40026435
7952,2021-08-22,21:41:29.790,14.05,7.38,0.22,29.65003808,-91.40026463
7953,2021-08-22,21:41:30.420,14.25,7.43,0.2,29.65004042,-91.40026501
7954,2021-08-22,21:41:31.120,14.5,7.49,0.25,29.65004214,-91.40026533
7955,2021-08-22,21:41:31.760,14.71,7.54,0.21,29.65004388,-91.40026564
7956,2021-08-22,21:41:32.480,14.94,7.54,0.23,29.65004619,-91.40026611
7957,2021-08-22,21:41:33.170,15.15,7.49,0.21,29.65004791,-91.40026649
7958,2021-08-22,21:41:33.880,15.36,7.46,0.21,29.65005021,-91.40026708
7959,2021-08-22,21:41:34.520,15.57,7.51,0.21,29.65005191,-91.40026747
7960,2021-08-22,21:41:35.210,15.8,7.46,0.23,29.65005362,-91.40026793
7961,2021-08-22,21:41:35.860,16,7.38,0.2,29.65005591,-91.40026865
7962,2021-08-22,21:41:36.530,16.22,7.38,0.22,29.6500576,-91.40026909
7963,2021-08-22,21:41:37.170,16.42,7.38,0.2,29.65005931,-91.40026958
7964,2021-08-22,21:41:37.870,16.63,7.32,0.21,29.65006156,-91.40027023
7965,2021-08-22,21:41:38.510,16.83,7.32,0.2,29.65006323,-91.40027075
7966,2021-08-22,21:41:39.210,17.04,7.29,0.21,29.65006488,-91.40027133
7967,2021-08-22,21:41:39.860,17.24,7.26,0.2,29.65006707,-91.40027203
7968,2021-08-22,21:41:40.560,17.45,7.29,0.21,29.65006872,-91.4002726
7969,2021-08-22,21:41:41.230,17.65,7.32,0.2,29.65007092,-91.40027328
7970,2021-08-22,21:41:41.940,17.88,7.38,0.23,29.65007256,-91.40027384
7971,2021-08-22,21:41:42.600,18.07,7.29,0.19,29.65007422,-91.40027449
7972,2021-08-22,21:41:43.290,18.26,7.4,0.19,29.6500764,-91.40027526
7973,2021-08-22,21:41:43.930,18.44,7.4,0.18,29.65007799,-91.40027584
7974,2021-08-22,21:41:44.580,18.63,7.32,0.19,29.65007963,-91.40027656
7975,2021-08-22,21:41:45.220,18.81,7.32,0.18,29.65008178,-91.40027742
7976,2021-08-22,21:41:45.920,19.1,7.32,0.29,29.65008367,-91.40027798
7977,2021-08-22,21:41:46.550,19.37,7.29,0.27,29.65008604,-91.40027872
7978,2021-08-22,21:41:47.250,19.67,7.18,0.3,29.65008851,-91.40027943
7979,2021-08-22,21:41:47.870,19.97,7.15,0.3,29.65009165,-91.40028031
7980,2021-08-22,21:41:48.500,20.24,7.21,0.27,29.65009403,-91.40028103
7981,2021-08-22,21:41:49.140,20.51,7.13,0.27,29.65009642,-91.40028172
7982,2021-08-22,21:41:49.790,20.79,7.21,0.28,29.65009877,-91.40028236
7983,2021-08-22,21:41:50.390,21.06,7.24,0.27,29.65010109,-91.40028304
7984,2021-08-22,21:41:51.030,21.34,7.1,0.28,29.6501034,-91.4002839
7985,2021-08-22,21:41:51.620,21.59,7.24,0.25,29.65010571,-91.40028444
7986,2021-08-22,21:41:52.270,21.86,7.18,0.27,29.65010798,-91.40028523
7987,2021-08-22,21:41:52.890,22.12,7.18,0.26,29.65011103,-91.40028619
7988,2021-08-22,21:41:53.520,22.4,7.15,0.28,29.65011328,-91.40028686
7989,2021-08-22,21:41:54.140,22.68,7.07,0.28,29.65011554,-91.40028759
7990,2021-08-22,21:41:54.840,22.96,7.04,0.28,29.65011777,-91.40028824
7991,2021-08-22,21:41:55.460,23.2,7.07,0.24,29.65011995,-91.40028883
7992,2021-08-22,21:41:56.100,23.47,7.07,0.27,29.65012287,-91.40028971
7993,2021-08-22,21:41:56.720,23.72,6.99,0.25,29.65012505,-91.40029042
7994,2021-08-22,21:41:57.400,24.04,7.04,0.32,29.6501272,-91.40029115
7995,2021-08-22,21:41:58.040,24.29,7.02,0.25,29.65012935,-91.4002918
7996,2021-08-22,21:41:58.690,24.56,7.04,0.27,29.65013148,-91.40029239
7997,2021-08-22,21:41:59.290,24.81,7.02,0.25,29.65013431,-91.40029319
7998,2021-08-22,21:41:59.940,25.08,6.99,0.27,29.65013643,-91.40029388
7999,2021-08-22,21:42:00.550,25.31,6.99,0.23,29.65013855,-91.40029447
8000,2021-08-22,21:42:01.190,25.54,6.99,0.23,29.6501406,-91.4002951
8001,2021-08-22,21:42:01.790,25.77,7.04,0.23,29.65014263,-91.40029561
8002,2021-08-22,21:42:02.410,26.03,7.02,0.26,29.65014476,-91.40029632
8003,2021-08-22,21:42:03.040,26.28,6.96,0.25,29.65014748,-91.4002971
8004,2021-08-22,21:42:03.710,26.53,7.02,0.25,29.65015015,-91.40029786
8005,2021-08-22,21:42:04.520,26.83,7.07,0.3,29.65015212,-91.40029842
8006,2021-08-22,21:42:05.150,27.07,7.02,0.24,29.65015411,-91.40029915
8007,2021-08-22,21:42:05.770,27.29,7.02,0.22,29.65015606,-91.40029969
8008,2021-08-22,21:42:06.420,27.52,7.1,0.23,29.650158,-91.40030018
8009,2021-08-22,21:42:07.030,27.74,7.1,0.22,29.65016055,-91.40030106
8010,2021-08-22,21:42:07.710,27.98,7.13,0.24,29.65016311,-91.40030167
8011,2021-08-22,21:42:08.520,28.25,7.04,0.27,29.65016501,-91.40030225
8012,2021-08-22,21:42:09.190,28.49,7.04,0.24,29.6501669,-91.40030279
8013,2021-08-22,21:42:09.820,28.72,7.02,0.23,29.6501688,-91.40030342
8014,2021-08-22,21:42:10.450,28.94,6.93,0.22,29.65017071,-91.40030402
8015,2021-08-22,21:42:11.080,29.16,6.96,0.22,29.65017317,-91.40030477
8016,2021-08-22,21:42:11.730,29.37,6.96,0.21,29.65017501,-91.40030533
8017,2021-08-22,21:42:12.360,29.58,6.93,0.21,29.65017687,-91.40030594
8018,2021-08-22,21:42:13.000,29.79,6.96,0.21,29.65017865,-91.40030644
8019,2021-08-22,21:42:13.620,29.99,6.96,0.2,29.65018101,-91.40030702
8020,2021-08-22,21:42:14.290,30.21,6.93,0.22,29.65018286,-91.40030769
8021,2021-08-22,21:42:14.920,30.42,6.93,0.21,29.65018467,-91.40030816
8022,2021-08-22,21:42:15.590,30.6,6.93,0.18,29.65018644,-91.40030861
8023,2021-08-22,21:42:16.190,30.79,6.9,0.19,29.65018819,-91.40030911
8024,2021-08-22,21:42:16.850,31,6.9,0.21,29.65018997,-91.40030957
8025,2021-08-22,21:42:17.430,31.21,6.9,0.21,29.65019171,-91.40031003
8026,2021-08-22,21:42:18.090,31.49,6.9,0.28,29.65019373,-91.40031048
8027,2021-08-22,21:42:18.680,31.71,6.88,0.22,29.65019691,-91.4003109
8028,2021-08-22,21:42:19.320,31.98,6.88,0.27,29.6501992,-91.40031117
8029,2021-08-22,21:42:19.930,32.23,6.93,0.25,29.65020142,-91.40031154
8030,2021-08-22,21:42:20.510,32.43,6.9,0.2,29.65020287,-91.40031168
8031,2021-08-22,21:42:21.090,32.65,6.88,0.22,29.6502059,-91.40031218
8032,2021-08-22,21:42:21.780,32.92,6.85,0.27,29.65020811,-91.40031242
8033,2021-08-22,21:42:22.360,33.13,6.88,0.21,29.65021027,-91.40031277
8034,2021-08-22,21:42:22.990,33.36,6.82,0.23,29.65021244,-91.4003131
8035,2021-08-22,21:42:23.600,33.58,6.82,0.22,29.65021456,-91.4003134
8036,2021-08-22,21:42:24.260,33.84,6.79,0.26,29.65021673,-91.40031373
8037,2021-08-22,21:42:24.900,34.09,6.79,0.25,29.65021953,-91.40031412
8038,2021-08-22,21:42:25.540,34.29,6.79,0.2,29.65022153,-91.40031435
8039,2021-08-22,21:42:26.130,34.5,6.79,0.21,29.65022355,-91.40031453
8040,2021-08-22,21:42:26.790,34.76,6.74,0.26,29.65022557,-91.40031482
8041,2021-08-22,21:42:27.390,34.97,6.79,0.21,29.65022755,-91.400315
8042,2021-08-22,21:42:28.040,35.2,6.82,0.23,29.65022951,-91.40031518
8043,2021-08-22,21:42:28.620,35.41,6.77,0.21,29.6502315,-91.40031549
8044,2021-08-22,21:42:29.250,35.64,6.82,0.23,29.65023345,-91.40031567
8045,2021-08-22,21:42:29.850,35.86,6.77,0.22,29.65023539,-91.40031592
8046,2021-08-22,21:42:30.500,36.09,6.82,0.23,29.65023789,-91.40031606
8047,2021-08-22,21:42:31.110,36.29,6.82,0.2,29.6502398,-91.40031635
8048,2021-08-22,21:42:31.770,36.52,6.82,0.23,29.65024228,-91.40031651
8049,2021-08-22,21:42:32.580,36.78,6.77,0.26,29.65024422,-91.40031682
8050,2021-08-22,21:42:33.200,36.96,6.85,0.18,29.65024602,-91.40031689
8051,2021-08-22,21:42:33.770,37.15,6.77,0.19,29.65024786,-91.40031722
8052,2021-08-22,21:42:34.420,37.36,6.79,0.21,29.65024966,-91.40031726
8053,2021-08-22,21:42:34.990,37.53,6.79,0.17,29.65025141,-91.40031744
8054,2021-08-22,21:42:35.610,37.72,6.79,0.19,29.65025318,-91.40031753
8055,2021-08-22,21:42:36.180,37.9,6.79,0.18,29.65025491,-91.40031764
8056,2021-08-22,21:42:36.800,38.11,6.74,0.21,29.65025668,-91.40031779
8057,2021-08-22,21:42:37.400,38.29,6.74,0.18,29.65025839,-91.40031783
8058,2021-08-22,21:42:38.060,38.5,6.74,0.21,29.65026011,-91.40031796
8059,2021-08-22,21:42:38.690,38.68,6.77,0.18,29.6502623,-91.40031791
8060,2021-08-22,21:42:39.320,38.87,6.74,0.19,29.65026395,-91.40031793
8061,2021-08-22,21:42:39.940,39.08,6.71,0.21,29.65026563,-91.40031794
8062,2021-08-22,21:42:40.590,39.28,6.74,0.2,29.65026729,-91.40031798
8063,2021-08-22,21:42:41.230,39.47,6.74,0.19,29.65026937,-91.40031779
8064,2021-08-22,21:42:41.890,39.67,6.74,0.2,29.65027094,-91.40031776
8065,2021-08-22,21:42:42.510,39.85,6.71,0.18,29.65027254,-91.40031765
8066,2021-08-22,21:42:43.160,40.02,6.68,0.17,29.65027409,-91.40031763
8067,2021-08-22,21:42:43.770,40.19,6.74,0.17,29.65027565,-91.40031742
8068,2021-08-22,21:42:44.430,40.37,6.68,0.18,29.65027718,-91.4003175
8069,2021-08-22,21:42:45.050,40.55,6.74,0.18,29.65027868,-91.4003173
8070,2021-08-22,21:42:45.650,40.71,6.74,0.16,29.65028014,-91.40031717
8071,2021-08-22,21:42:46.270,40.85,6.71,0.14,29.65028217,-91.40031708
8072,2021-08-22,21:42:46.920,41.03,6.71,0.18,29.65028359,-91.40031681
8073,2021-08-22,21:42:47.530,41.19,6.68,0.16,29.65028502,-91.40031661
8074,2021-08-22,21:42:48.180,41.35,6.68,0.16,29.65028647,-91.40031652
8075,2021-08-22,21:42:48.820,41.52,6.68,0.17,29.65028791,-91.4003163
8076,2021-08-22,21:42:49.460,41.67,6.68,0.15,29.65028934,-91.40031623
8077,2021-08-22,21:42:50.070,41.82,6.66,0.15,29.65029126,-91.40031612
8078,2021-08-22,21:42:50.700,41.98,6.68,0.16,29.65029262,-91.40031592
8079,2021-08-22,21:42:51.310,42.14,6.63,0.16,29.65029408,-91.40031588
8080,2021-08-22,21:42:51.980,42.3,6.66,0.16,29.65029547,-91.40031578
8081,2021-08-22,21:42:52.600,42.44,6.66,0.14,29.65029686,-91.40031581
8082,2021-08-22,21:42:53.240,42.59,6.66,0.15,29.65029828,-91.40031574
8083,2021-08-22,21:42:53.850,42.73,6.66,0.14,29.65029969,-91.40031573
8084,2021-08-22,21:42:54.480,42.88,6.66,0.15,29.65030109,-91.40031568
8085,2021-08-22,21:42:55.070,43.01,6.63,0.13,29.65030251,-91.40031571
8086,2021-08-22,21:42:55.700,43.17,6.63,0.16,29.6503039,-91.4003157
8087,2021-08-22,21:42:56.280,43.3,6.63,0.13,29.65030574,-91.40031568
8088,2021-08-22,21:42:56.910,43.49,6.54,0.19,29.65030678,-91.40031566
8089,2021-08-22,21:42:57.480,43.68,6.6,0.19,29.65030856,-91.40031527
8090,2021-08-22,21:42:58.080,43.93,6.6,0.25,29.65031077,-91.4003147
8091,2021-08-22,21:42:58.640,44.17,6.54,0.24,29.65031306,-91.40031416
8092,2021-08-22,21:42:59.230,44.43,6.54,0.26,29.65031534,-91.40031375
8093,2021-08-22,21:42:59.800,44.67,6.54,0.24,29.65031759,-91.40031327
8094,2021-08-22,21:43:00.400,44.9,6.54,0.23,29.65031981,-91.40031273
8095,2021-08-22,21:43:00.970,45.13,6.52,0.23,29.65032204,-91.40031234
8096,2021-08-22,21:43:01.560,45.37,6.49,0.24,29.65032419,-91.40031188
8097,2021-08-22,21:43:02.120,45.6,6.5,0.23,29.65032639,-91.40031149
8098,2021-08-22,21:43:02.730,45.85,6.52,0.25,29.65032854,-91.4003111
8099,2021-08-22,21:43:03.470,46.15,6.5,0.3,29.65033073,-91.40031078
8100,2021-08-22,21:43:04.080,46.36,6.52,0.21,29.65033284,-91.40031037
8101,2021-08-22,21:43:04.640,46.56,6.52,0.2,29.65033491,-91.40031002
8102,2021-08-22,21:43:05.250,46.79,6.54,0.23,29.65033697,-91.40030963
8103,2021-08-22,21:43:05.810,47,6.42,0.21,29.65033916,-91.40030946
8104,2021-08-22,21:43:06.450,47.24,6.5,0.24,29.65034114,-91.40030899
8105,2021-08-22,21:43:07.030,47.48,6.5,0.24,29.65034326,-91.40030883
8106,2021-08-22,21:43:07.660,47.7,6.5,0.22,29.65034584,-91.40030828
8107,2021-08-22,21:43:08.470,47.99,6.46,0.29,29.6503492,-91.40030777
8108,2021-08-22,21:43:09.330,48.31,6.48,0.32,29.65035184,-91.40030743
8109,2021-08-22,21:43:10.180,48.61,6.46,0.3,29.65035447,-91.40030709
8110,2021-08-22,21:43:11.050,48.91,6.44,0.3,29.65035767,-91.40030668
8111,2021-08-22,21:43:11.910,49.18,6.46,0.27,29.65036024,-91.4003064
8112,2021-08-22,21:43:12.760,49.49,6.42,0.31,29.65036276,-91.40030605
8113,2021-08-22,21:43:13.600,49.81,6.41,0.32,29.65036532,-91.40030584
8114,2021-08-22,21:43:14.450,50.12,6.44,0.31,29.65036838,-91.40030544
8115,2021-08-22,21:43:15.310,50.46,6.46,0.34,29.65037097,-91.40030523
8116,2021-08-22,21:43:16.170,50.82,6.44,0.36,29.65037405,-91.40030473
8117,2021-08-22,21:43:17.000,51.16,6.42,0.34,29.65037716,-91.400304
8118,2021-08-22,21:43:17.850,51.53,6.42,0.37,29.65038101,-91.4003034
8119,2021-08-22,21:43:18.690,51.9,6.44,0.37,29.65038404,-91.40030274
8120,2021-08-22,21:43:19.530,52.25,6.37,0.35,29.65038714,-91.40030237
8121,2021-08-22,21:43:20.350,52.57,6.39,0.32,29.65039002,-91.40030177
8122,2021-08-22,21:43:21.210,52.93,6.42,0.36,29.65039295,-91.40030116
8123,2021-08-22,21:43:22.030,53.27,6.44,0.34,29.65039585,-91.4003006
8124,2021-08-22,21:43:22.860,53.59,6.44,0.32,29.65039932,-91.40029986
8125,2021-08-22,21:43:23.730,53.92,6.39,0.33,29.65040291,-91.40029926
8126,2021-08-22,21:43:24.760,54.28,6.44,0.36,29.65040556,-91.40029848
8127,2021-08-22,21:43:25.570,54.57,6.37,0.29,29.65040831,-91.40029791
8128,2021-08-22,21:43:26.410,54.88,6.41,0.31,29.65041097,-91.4002973
8129,2021-08-22,21:43:27.230,55.2,6.39,0.32,29.65041359,-91.40029664
8130,2021-08-22,21:43:28.090,55.51,6.37,0.31,29.65041681,-91.40029574
8131,2021-08-22,21:43:28.930,55.83,6.37,0.32,29.65041931,-91.40029496
8132,2021-08-22,21:43:29.780,56.2,6.37,0.37,29.65042192,-91.40029426
8133,2021-08-22,21:43:30.620,56.64,6.41,0.44,29.65042499,-91.40029311
8134,2021-08-22,21:43:31.420,56.98,6.37,0.34,29.65042843,-91.40029176
8135,2021-08-22,21:43:32.230,57.37,6.35,0.39,29.65043179,-91.40029063
8136,2021-08-22,21:43:33.040,57.77,6.39,0.4,29.6504351,-91.40028936
8137,2021-08-22,21:43:33.860,58.17,6.33,0.4,29.65043916,-91.4002878
8138,2021-08-22,21:43:34.680,58.58,6.35,0.41,29.65044228,-91.40028645
8139,2021-08-22,21:43:35.510,58.93,6.33,0.35,29.65044539,-91.4002852
8140,2021-08-22,21:43:36.350,59.29,6.31,0.36,29.65044847,-91.40028399
8141,2021-08-22,21:43:37.180,59.67,6.31,0.38,29.65045154,-91.40028278
8142,2021-08-22,21:43:38.010,60.06,6.33,0.39,29.65045456,-91.40028168
8143,2021-08-22,21:43:38.870,60.43,6.31,0.37,29.65045752,-91.40028048
8144,2021-08-22,21:43:39.680,60.76,6.33,0.33,29.65046115,-91.40027902
8145,2021-08-22,21:43:40.490,61.12,6.31,0.36,29.65046402,-91.40027792
8146,2021-08-22,21:43:41.320,61.45,6.24,0.33,29.65046692,-91.4002769
8147,2021-08-22,21:43:42.130,61.76,6.24,0.31,29.65046969,-91.40027576
8148,2021-08-22,21:43:42.980,62.08,6.22,0.32,29.65047245,-91.40027473
8149,2021-08-22,21:43:43.800,62.39,6.18,0.31,29.65047517,-91.4002737
8150,2021-08-22,21:43:44.620,62.7,6.24,0.31,29.65047782,-91.40027266
8151,2021-08-22,21:43:45.450,63.04,6.24,0.34,29.65048049,-91.40027161
8152,2021-08-22,21:43:46.280,63.36,6.24,0.32,29.6504837,-91.40027023
8153,2021-08-22,21:43:47.130,63.67,6.2,0.31,29.65048631,-91.40026934
8154,2021-08-22,21:43:47.990,63.98,6.22,0.31,29.65048878,-91.4002682
8155,2021-08-22,21:43:48.840,64.31,6.22,0.33,29.65049128,-91.40026724
8156,2021-08-22,21:43:49.680,64.6,6.24,0.29,29.65049424,-91.40026578
8157,2021-08-22,21:43:50.530,64.88,6.22,0.28,29.65049662,-91.40026469
8158,2021-08-22,21:43:51.360,65.17,6.22,0.29,29.65049901,-91.40026362
8159,2021-08-22,21:43:52.200,65.46,6.17,0.29,29.65050136,-91.40026255
8160,2021-08-22,21:43:53.040,65.74,6.17,0.28,29.6505042,-91.4002611
8161,2021-08-22,21:43:53.890,66.03,6.13,0.29,29.65050647,-91.40026
8162,2021-08-22,21:43:54.710,66.32,6.15,0.29,29.6505092,-91.40025847
8163,2021-08-22,21:43:55.730,66.66,6.17,0.34,29.65051136,-91.40025731
8164,2021-08-22,21:43:56.560,66.93,6.17,0.27,29.6505135,-91.40025615
8165,2021-08-22,21:43:57.410,67.28,6.13,0.35,29.65051583,-91.40025483
8166,2021-08-22,21:43:58.230,67.64,6.11,0.36,29.65051881,-91.40025313
8167,2021-08-22,21:43:59.070,68.02,6.07,0.38,29.65052261,-91.40025097
8168,2021-08-22,21:43:59.900,68.4,6.11,0.38,29.65052551,-91.40024914
8169,2021-08-22,21:44:00.700,68.74,6.09,0.34,29.65052845,-91.40024743
8170,2021-08-22,21:44:01.490,69.1,6.07,0.36,29.65053136,-91.4002458
8171,2021-08-22,21:44:02.300,69.46,6.09,0.36,29.65053416,-91.40024404
8172,2021-08-22,21:44:03.090,69.78,6.05,0.32,29.65053695,-91.40024241
8173,2021-08-22,21:44:03.880,70.11,6.04,0.33,29.650539,-91.40024114
8174,2021-08-22,21:44:04.680,70.46,6.05,0.35,29.65054165,-91.40023938
8175,2021-08-22,21:44:05.470,70.8,6.05,0.34,29.65054492,-91.40023722
8176,2021-08-22,21:44:06.290,71.13,6,0.33,29.65054758,-91.40023571
8177,2021-08-22,21:44:07.110,71.46,6.02,0.33,29.65055014,-91.40023398
8178,2021-08-22,21:44:07.910,71.78,6,0.32,29.65055271,-91.40023233
8179,2021-08-22,21:44:08.730,72.12,6,0.34,29.65055527,-91.40023074
8180,2021-08-22,21:44:09.550,72.46,6,0.34,29.65055778,-91.40022902
8181,2021-08-22,21:44:10.360,72.77,6,0.31,29.65056037,-91.40022746
8182,2021-08-22,21:44:11.150,73.05,5.93,0.28,29.650563,-91.40022598
8183,2021-08-22,21:44:11.970,73.35,5.94,0.3,29.65056562,-91.40022451
8184,2021-08-22,21:44:12.780,73.65,5.91,0.3,29.65056825,-91.40022315
8185,2021-08-22,21:44:13.580,73.97,5.93,0.32,29.65057085,-91.40022174
8186,2021-08-22,21:44:14.390,74.34,5.89,0.37,29.65057351,-91.40022042
8187,2021-08-22,21:44:15.210,74.76,5.81,0.42,29.65057675,-91.4002191
8188,2021-08-22,21:44:16.010,75.18,5.85,0.42,29.6505804,-91.40021721
8189,2021-08-22,21:44:16.790,75.62,5.81,0.44,29.65058417,-91.40021569
8190,2021-08-22,21:44:17.560,76.01,5.8,0.39,29.65058784,-91.40021419
8191,2021-08-22,21:44:18.350,76.39,5.8,0.38,29.65059143,-91.40021258
8192,2021-08-22,21:44:19.120,76.81,5.74,0.42,29.6505951,-91.40021124
8193,2021-08-22,21:44:19.920,77.22,5.76,0.41,29.65059861,-91.40020983
8194,2021-08-22,21:44:20.710,77.62,5.72,0.4,29.65060214,-91.40020841
8195,2021-08-22,21:44:21.520,78.02,5.67,0.4,29.65060563,-91.40020715
8196,2021-08-22,21:44:22.290,78.39,5.65,0.37,29.65060826,-91.40020624
8197,2021-08-22,21:44:23.090,78.83,5.67,0.44,29.6506125,-91.40020462
8198,2021-08-22,21:44:23.910,79.22,5.63,0.39,29.65061507,-91.40020385
8199,2021-08-22,21:44:24.670,79.55,5.63,0.33,29.65061842,-91.40020265
8200,2021-08-22,21:44:25.400,79.89,5.57,0.34,29.65062178,-91.40020158
8201,2021-08-22,21:44:26.200,80.26,5.61,0.37,29.65062509,-91.40020056
8202,2021-08-22,21:44:26.960,80.7,5.57,0.44,29.65062779,-91.40019976
8203,2021-08-22,21:44:27.690,81.08,5.56,0.38,29.65063169,-91.40019839
8204,2021-08-22,21:44:28.450,81.52,5.5,0.44,29.65063561,-91.40019744
8205,2021-08-22,21:44:29.170,81.94,5.5,0.42,29.65063941,-91.40019626
8206,2021-08-22,21:44:29.930,82.35,5.56,0.41,29.65064319,-91.4001952
8207,2021-08-22,21:44:30.700,82.76,5.52,0.41,29.65064602,-91.40019454
8208,2021-08-22,21:44:31.410,83.13,5.43,0.37,29.65064977,-91.40019363
8209,2021-08-22,21:44:32.170,83.53,5.48,0.4,29.65065346,-91.40019269
8210,2021-08-22,21:44:32.920,83.9,5.43,0.37,29.65065619,-91.40019205
8211,2021-08-22,21:44:33.660,84.27,5.37,0.37,29.65065991,-91.40019142
8212,2021-08-22,21:44:34.390,84.64,5.39,0.37,29.65066355,-91.40019062
8213,2021-08-22,21:44:35.160,85.05,5.33,0.41,29.65066714,-91.40018995
8214,2021-08-22,21:44:35.930,85.45,5.32,0.4,29.65067068,-91.40018936
8215,2021-08-22,21:44:36.700,85.82,5.3,0.37,29.65067418,-91.40018871
8216,2021-08-22,21:44:37.680,86.26,5.28,0.44,29.65067765,-91.40018819
8217,2021-08-22,21:44:38.430,86.64,5.22,0.38,29.65068111,-91.40018776
8218,2021-08-22,21:44:39.150,86.95,5.24,0.31,29.65068445,-91.40018719
8219,2021-08-22,21:44:39.930,87.25,5.22,0.3,29.65068699,-91.40018686
8220,2021-08-22,21:44:40.700,87.6,5.15,0.35,29.65069034,-91.40018657
8221,2021-08-22,21:44:41.470,87.94,5.19,0.34,29.65069359,-91.40018609
8222,2021-08-22,21:44:42.210,88.29,5.19,0.35,29.65069689,-91.40018571
8223,2021-08-22,21:44:42.990,88.64,5.17,0.35,29.65070015,-91.40018533
8224,2021-08-22,21:44:43.740,88.94,5.19,0.3,29.65070334,-91.40018489
8225,2021-08-22,21:44:44.670,89.28,5.2,0.34,29.65070651,-91.40018442
8226,2021-08-22,21:44:45.430,89.58,5.19,0.3,29.65070968,-91.40018413
8227,2021-08-22,21:44:46.170,89.93,5.22,0.35,29.65071277,-91.40018366
8228,2021-08-22,21:44:46.940,90.27,5.22,0.34,29.65071583,-91.40018314
8229,2021-08-22,21:44:47.700,90.57,5.24,0.3,29.6507181,-91.40018291
8230,2021-08-22,21:44:48.480,90.93,5.28,0.36,29.65072109,-91.40018237
8231,2021-08-22,21:44:49.210,91.23,5.24,0.3,29.65072406,-91.40018191
8232,2021-08-22,21:44:49.990,91.52,5,0.29,29.65072703,-91.40018147
8233,2021-08-22,21:44:50.740,91.83,4.76,0.31,29.65072921,-91.40018099
8234,2021-08-22,21:44:51.460,92.11,4.5,0.28,29.65073212,-91.40018047
8235,2021-08-22,21:44:52.200,92.39,4.28,0.28,29.65073428,-91.40018009
8236,2021-08-22,21:44:52.880,92.65,4.1,0.26,29.65073714,-91.40017953
8237,2021-08-22,21:44:53.600,92.94,3.98,0.29,29.65073926,-91.40017906
8238,2021-08-22,21:44:54.280,93.22,3.91,0.28,29.65074207,-91.40017852
8239,2021-08-22,21:44:54.980,93.52,3.86,0.3,29.65074413,-91.40017795
8240,2021-08-22,21:44:55.630,93.77,3.8,0.25,29.65074684,-91.40017725
8241,2021-08-22,21:44:56.320,94.06,3.76,0.29,29.65074884,-91.40017677
8242,2021-08-22,21:44:56.970,94.29,3.76,0.23,29.65075091,-91.40017626
8243,2021-08-22,21:44:57.660,94.56,3.76,0.27,29.65075356,-91.40017553
8244,2021-08-22,21:44:58.310,94.78,3.74,0.22,29.65075555,-91.40017488
8245,2021-08-22,21:44:58.990,95.01,3.73,0.23,29.65075749,-91.40017432
8246,2021-08-22,21:44:59.630,95.25,3.73,0.24,29.65076013,-91.40017362
8247,2021-08-22,21:45:00.320,95.5,3.73,0.25,29.65076206,-91.40017302
8248,2021-08-22,21:45:00.960,95.73,3.71,0.23,29.65076398,-91.40017243
8249,2021-08-22,21:45:01.640,95.96,3.71,0.23,29.6507665,-91.40017158
8250,2021-08-22,21:45:02.290,96.18,3.65,0.22,29.65076842,-91.40017103
8251,2021-08-22,21:45:02.970,96.41,3.67,0.23,29.65077024,-91.40017033
8252,2021-08-22,21:45:03.610,96.62,3.61,0.21,29.65077209,-91.40016976
8253,2021-08-22,21:45:04.290,96.85,3.63,0.23,29.6507745,-91.40016889
8254,2021-08-22,21:45:04.940,97.07,3.58,0.22,29.6507763,-91.40016833
8255,2021-08-22,21:45:05.620,97.31,3.58,0.24,29.6507781,-91.40016759
8256,2021-08-22,21:45:06.270,97.53,3.56,0.22,29.65078045,-91.40016672
8257,2021-08-22,21:45:06.940,97.75,3.5,0.22,29.65078222,-91.40016611
8258,2021-08-22,21:45:07.570,97.95,3.5,0.2,29.65078396,-91.40016538
8259,2021-08-22,21:45:08.230,98.17,3.47,0.22,29.6507857,-91.40016476
8260,2021-08-22,21:45:08.870,98.36,3.47,0.19,29.65078796,-91.40016376
8261,2021-08-22,21:45:09.530,98.58,3.43,0.22,29.65078969,-91.40016318
8262,2021-08-22,21:45:10.160,98.78,3.43,0.2,29.65079137,-91.40016239
8263,2021-08-22,21:45:10.810,98.98,3.43,0.2,29.65079308,-91.40016177
8264,2021-08-22,21:45:11.420,99.17,3.39,0.19,29.65079474,-91.40016093
8265,2021-08-22,21:45:12.080,99.37,3.37,0.2,29.65079643,-91.40016031
8266,2021-08-22,21:45:12.700,99.56,3.37,0.19,29.65079864,-91.40015929
8267,2021-08-22,21:45:13.350,99.77,3.39,0.21,29.65080028,-91.40015848
8268,2021-08-22,21:45:13.980,99.98,3.34,0.21,29.65080195,-91.40015798
8269,2021-08-22,21:45:14.630,100.19,3.3,0.21,29.65080353,-91.40015712
8270,2021-08-22,21:45:15.250,100.39,3.26,0.2,29.65080569,-91.40015618
8271,2021-08-22,21:45:15.900,100.6,3.23,0.21,29.65080731,-91.4001555
8272,2021-08-22,21:45:16.520,100.8,3.17,0.2,29.6508089,-91.40015476
8273,2021-08-22,21:45:17.150,100.98,3.13,0.18,29.65081055,-91.40015421
8274,2021-08-22,21:45:17.750,101.16,3.1,0.18,29.65081212,-91.40015343
8275,2021-08-22,21:45:18.390,101.33,3.1,0.17,29.65081375,-91.4001529
8276,2021-08-22,21:45:19.000,101.51,3.06,0.18,29.6508153,-91.40015215
8277,2021-08-22,21:45:19.620,101.69,3.02,0.18,29.65081692,-91.40015163
8278,2021-08-22,21:45:20.230,101.88,3,0.19,29.6508185,-91.40015095
8279,2021-08-22,21:45:20.870,102.08,2.99,0.2,29.6508201,-91.40015045
8280,2021-08-22,21:45:21.460,102.25,2.95,0.17,29.6508222,-91.40014959
8281,2021-08-22,21:45:22.100,102.43,2.93,0.18,29.65082376,-91.40014896
8282,2021-08-22,21:45:22.700,102.61,2.93,0.18,29.65082529,-91.40014835
8283,2021-08-22,21:45:23.330,102.79,2.91,0.18,29.65082683,-91.40014772
8284,2021-08-22,21:45:23.920,102.96,2.88,0.17,29.65082832,-91.40014704
8285,2021-08-22,21:45:24.560,103.14,2.88,0.18,29.65082983,-91.4001464
8286,2021-08-22,21:45:25.160,103.29,2.82,0.15,29.65083134,-91.40014586
8287,2021-08-22,21:45:25.780,103.47,2.84,0.18,29.65083281,-91.40014515
8288,2021-08-22,21:45:26.360,103.64,2.78,0.17,29.65083428,-91.40014458
8289,2021-08-22,21:45:26.990,103.82,2.8,0.18,29.65083574,-91.40014395
8290,2021-08-22,21:45:27.560,103.99,2.76,0.17,29.65083719,-91.40014332
8291,2021-08-22,21:45:28.180,104.15,2.73,0.16,29.6508386,-91.40014265
8292,2021-08-22,21:45:28.750,104.3,2.73,0.15,29.65084,-91.4001419
8293,2021-08-22,21:45:29.350,104.47,2.69,0.17,29.65084138,-91.40014121
8294,2021-08-22,21:45:29.950,104.64,2.7,0.17,29.65084279,-91.40014052
8295,2021-08-22,21:45:30.550,104.79,2.66,0.15,29.65084415,-91.40013981
8296,2021-08-22,21:45:31.130,104.92,2.64,0.13,29.65084551,-91.400139
8297,2021-08-22,21:45:31.730,105.08,2.63,0.16,29.6508468,-91.40013814
8298,2021-08-22,21:45:32.310,105.24,2.61,0.16,29.6508477,-91.40013767
8299,2021-08-22,21:45:32.900,105.38,2.55,0.14,29.65084899,-91.4001368
8300,2021-08-22,21:45:33.450,105.52,2.54,0.14,29.65085032,-91.400136
8301,2021-08-22,21:45:34.050,105.67,2.56,0.15,29.65085158,-91.40013503
8302,2021-08-22,21:45:34.690,105.84,2.52,0.17,29.6508537,-91.40013357
8303,2021-08-22,21:45:35.500,106.06,2.53,0.22,29.65085493,-91.40013263
8304,2021-08-22,21:45:36.210,106.23,2.51,0.17,29.65085615,-91.40013166
8305,2021-08-22,21:45:36.890,106.4,2.51,0.17,29.65085777,-91.40013035
8306,2021-08-22,21:45:37.620,106.59,2.49,0.19,29.65085936,-91.40012904
8307,2021-08-22,21:45:38.310,106.75,2.46,0.16,29.65086051,-91.40012792
8308,2021-08-22,21:45:39.040,106.95,2.43,0.2,29.65086208,-91.40012655
8309,2021-08-22,21:45:39.720,107.12,2.39,0.17,29.65086361,-91.40012511
8310,2021-08-22,21:45:40.630,107.34,2.37,0.22,29.65086507,-91.40012358
8311,2021-08-22,21:45:41.330,107.51,2.35,0.17,29.65086619,-91.40012249
8312,2021-08-22,21:45:42.010,107.68,2.36,0.17,29.65086762,-91.40012101
8313,2021-08-22,21:45:42.730,107.86,2.33,0.18,29.65086902,-91.40011946
8314,2021-08-22,21:45:43.600,108.06,2.33,0.2,29.65087012,-91.4001184
8315,2021-08-22,21:45:44.290,108.23,2.32,0.17,29.65087149,-91.40011688
8316,2021-08-22,21:45:44.960,108.39,2.27,0.16,29.65087258,-91.40011575
8317,2021-08-22,21:45:45.670,108.56,2.24,0.17,29.65087397,-91.40011429
8318,2021-08-22,21:45:46.330,108.72,2.22,0.16,29.650875,-91.40011315
8319,2021-08-22,21:45:47.030,108.88,2.19,0.16,29.65087601,-91.400112
8320,2021-08-22,21:45:47.670,109.03,2.16,0.15,29.65087737,-91.4001105
8321,2021-08-22,21:45:48.370,109.19,2.17,0.16,29.65087833,-91.40010931
8322,2021-08-22,21:45:49.040,109.39,2.15,0.2,29.65087973,-91.40010778
8323,2021-08-22,21:45:49.710,109.62,2.15,0.23,29.65088164,-91.40010589
8324,2021-08-22,21:45:50.550,109.9,2.08,0.28,29.65088319,-91.40010428
8325,2021-08-22,21:45:51.220,110.14,2.06,0.24,29.65088472,-91.40010292
8326,2021-08-22,21:45:51.870,110.36,2.03,0.22,29.65088668,-91.40010093
8327,2021-08-22,21:45:52.520,110.57,2.01,0.21,29.65088815,-91.40009944
8328,2021-08-22,21:45:53.150,110.79,2,0.22,29.65088961,-91.40009802
8329,2021-08-22,21:45:53.800,110.99,1.96,0.2,29.65089103,-91.40009654
8330,2021-08-22,21:45:54.420,111.19,1.94,0.2,29.65089243,-91.40009506
8331,2021-08-22,21:45:55.060,111.41,1.91,0.22,29.65089382,-91.40009361
8332,2021-08-22,21:45:55.680,111.6,1.89,0.19,29.65089569,-91.40009167
8333,2021-08-22,21:45:56.410,111.84,1.89,0.24,29.65089704,-91.40009019
8334,2021-08-22,21:45:57.030,112.04,1.84,0.2,29.65089839,-91.40008872
8335,2021-08-22,21:45:57.660,112.23,1.82,0.19,29.65089972,-91.40008719
8336,2021-08-22,21:45:58.290,112.43,1.82,0.2,29.65090154,-91.40008523
8337,2021-08-22,21:45:58.930,112.63,1.79,0.2,29.65090285,-91.40008375
8338,2021-08-22,21:45:59.550,112.82,1.78,0.19,29.65090411,-91.40008224
8339,2021-08-22,21:46:00.190,113.01,1.74,0.19,29.6509054,-91.40008078
8340,2021-08-22,21:46:00.790,113.2,1.72,0.19,29.65090669,-91.40007933
8341,2021-08-22,21:46:01.440,113.4,1.67,0.2,29.65090793,-91.40007783
8342,2021-08-22,21:46:02.060,113.59,1.66,0.19,29.65090961,-91.40007585
8343,2021-08-22,21:46:02.710,113.78,1.65,0.19,29.65091132,-91.40007401
8344,2021-08-22,21:46:03.510,114.03,1.64,0.25,29.65091257,-91.40007254
8345,2021-08-22,21:46:04.140,114.21,1.62,0.18,29.65091384,-91.40007112
8346,2021-08-22,21:46:04.730,114.39,1.59,0.18,29.65091551,-91.40006922
8347,2021-08-22,21:46:05.560,114.63,1.6,0.24,29.65091675,-91.40006783
8348,2021-08-22,21:46:06.170,114.82,1.54,0.19,29.65091802,-91.40006644
8349,2021-08-22,21:46:06.760,115,1.54,0.18,29.6509192,-91.40006507
8350,2021-08-22,21:46:07.380,115.18,1.53,0.18,29.65092046,-91.40006369
8351,2021-08-22,21:46:07.960,115.36,1.49,0.18,29.65092168,-91.40006242
8352,2021-08-22,21:46:08.560,115.53,1.47,0.17,29.65092286,-91.400061
8353,2021-08-22,21:46:09.140,115.7,1.46,0.17,29.6509241,-91.40005975
8354,2021-08-22,21:46:09.740,115.86,1.45,0.16,29.65092567,-91.40005798
8355,2021-08-22,21:46:10.520,116.09,1.41,0.23,29.65092687,-91.40005674
8356,2021-08-22,21:46:11.090,116.23,1.42,0.14,29.65092762,-91.40005587
8357,2021-08-22,21:46:11.650,116.4,1.39,0.17,29.65092881,-91.40005468
8358,2021-08-22,21:46:12.260,116.57,1.36,0.17,29.65092997,-91.40005339
8359,2021-08-22,21:46:12.830,116.72,1.34,0.15,29.65093116,-91.40005219
8360,2021-08-22,21:46:13.420,116.92,1.33,0.2,29.65093231,-91.40005097
8361,2021-08-22,21:46:13.980,117.08,1.31,0.16,29.65093346,-91.40004973
8362,2021-08-22,21:46:14.570,117.25,1.3,0.17,29.6509346,-91.40004852
8363,2021-08-22,21:46:15.130,117.39,1.28,0.14,29.65093572,-91.4000473
8364,2021-08-22,21:46:15.720,117.55,1.26,0.16,29.65093685,-91.40004607
8365,2021-08-22,21:46:16.450,117.74,1.24,0.19,29.65093797,-91.40004487
8366,2021-08-22,21:46:17.030,117.89,1.22,0.15,29.65093907,-91.4000436
8367,2021-08-22,21:46:17.560,118.03,1.23,0.14,29.65094018,-91.40004235
8368,2021-08-22,21:46:18.140,118.18,1.21,0.15,29.6509409,-91.40004152
8369,2021-08-22,21:46:18.680,118.32,1.2,0.14,29.65094196,-91.40004023
8370,2021-08-22,21:46:19.260,118.41,1.18,0.09,29.650943,-91.40003891
8371,2021-08-22,21:46:19.780,118.54,1.16,0.13,29.65094406,-91.40003762
8372,2021-08-22,21:46:20.350,118.67,1.14,0.13,29.65094474,-91.40003673
8373,2021-08-22,21:46:20.870,118.81,1.11,0.14,29.65094574,-91.4000354
8374,2021-08-22,21:46:21.420,118.94,1.1,0.13,29.65094677,-91.40003404
8375,2021-08-22,21:46:21.940,119.03,1.09,0.09,29.65094743,-91.40003316
8376,2021-08-22,21:46:22.480,119.17,1.11,0.14,29.65094842,-91.40003179
8377,2021-08-22,21:46:23.000,119.29,1.09,0.12,29.65094938,-91.40003042
8378,2021-08-22,21:46:23.550,119.43,1.05,0.14,29.65095006,-91.4000295
8379,2021-08-22,21:46:24.050,119.57,1.03,0.14,29.65095103,-91.40002814
8380,2021-08-22,21:46:24.590,119.7,1.02,0.13,29.65095164,-91.40002717
8381,2021-08-22,21:46:25.080,119.82,0.98,0.12,29.6509526,-91.40002576
8382,2021-08-22,21:46:25.610,119.96,0.97,0.14,29.65095357,-91.40002436
8383,2021-08-22,21:46:26.110,120.09,0.95,0.13,29.65095419,-91.40002339
8384,2021-08-22,21:46:26.640,120.22,0.96,0.13,29.65095509,-91.40002194
8385,2021-08-22,21:46:27.140,120.35,0.95,0.13,29.65095575,-91.40002102
8386,2021-08-22,21:46:27.660,120.48,0.93,0.13,29.6509567,-91.40001962
8387,2021-08-22,21:46:28.140,120.6,0.93,0.12,29.65095732,-91.40001865
8388,2021-08-22,21:46:28.650,120.73,0.94,0.13,29.65095821,-91.40001715
8389,2021-08-22,21:46:29.160,120.86,0.93,0.13,29.65095886,-91.40001626
8390,2021-08-22,21:46:29.680,120.99,0.9,0.13,29.65095979,-91.40001479
8391,2021-08-22,21:46:30.160,121.11,0.92,0.12,29.65096041,-91.40001384
8392,2021-08-22,21:46:30.670,121.24,0.9,0.13,29.65096133,-91.40001239
8393,2021-08-22,21:46:31.240,121.38,0.88,0.14,29.65096222,-91.40001089
8394,2021-08-22,21:46:31.750,121.51,0.87,0.13,29.65096284,-91.40000994
8395,2021-08-22,21:46:32.230,121.63,0.84,0.12,29.65096409,-91.4000079
8396,2021-08-22,21:46:32.920,121.81,0.83,0.18,29.65096438,-91.40000737
8397,2021-08-22,21:46:33.280,121.9,0.81,0.09,29.65096531,-91.40000586
8398,2021-08-22,21:46:33.880,122.05,0.81,0.15,29.65096625,-91.40000436
8399,2021-08-22,21:46:34.360,122.17,0.79,0.12,29.65096718,-91.40000287
8400,2021-08-22,21:46:35.030,122.34,0.8,0.17,29.65096804,-91.40000132
8401,2021-08-22,21:46:35.520,122.46,0.8,0.12,29.65096892,-91.39999977
8402,2021-08-22,21:46:36.120,122.61,0.79,0.15,29.65096951,-91.39999877
8403,2021-08-22,21:46:36.600,122.72,0.78,0.11,29.65097036,-91.39999723
8404,2021-08-22,21:46:37.120,122.85,0.76,0.13,29.65097094,-91.3999962
8405,2021-08-22,21:46:37.700,122.99,0.75,0.14,29.65097232,-91.39999366
8406,2021-08-22,21:46:38.510,123.18,0.74,0.19,29.65097315,-91.39999215
8407,2021-08-22,21:46:39.100,123.32,0.74,0.14,29.65097368,-91.39999114
8408,2021-08-22,21:46:39.680,123.46,0.73,0.14,29.6509748,-91.39998917
8409,2021-08-22,21:46:40.300,123.59,0.74,0.13,29.65097554,-91.39998763
8410,2021-08-22,21:46:40.890,123.68,0.73,0.09,29.6509759,-91.3999867
8411,2021-08-22,21:46:41.490,123.78,0.73,0.1,29.65097637,-91.39998551
8412,2021-08-22,21:46:42.070,123.88,0.72,0.1,29.65097679,-91.3999843
8413,2021-08-22,21:46:42.670,123.98,0.73,0.1,29.65097721,-91.3999829
8414,2021-08-22,21:46:43.240,124.08,0.72,0.1,29.65097774,-91.39998168
8415,2021-08-22,21:46:43.870,124.18,0.72,0.1,29.65097824,-91.39998042
8416,2021-08-22,21:46:44.430,124.28,0.71,0.1,29.65097873,-91.39997913
8417,2021-08-22,21:46:45.020,124.38,0.71,0.1,29.65097926,-91.39997787
8418,2021-08-22,21:46:45.580,124.48,0.7,0.1,29.65097982,-91.39997668
8419,2021-08-22,21:46:46.180,124.59,0.7,0.11,29.65098035,-91.39997545
8420,2021-08-22,21:46:46.740,124.69,0.71,0.1,29.65098093,-91.39997425
8421,2021-08-22,21:46:47.350,124.79,0.7,0.1,29.65098152,-91.39997309
8422,2021-08-22,21:46:47.920,124.89,0.69,0.1,29.65098214,-91.39997196
8423,2021-08-22,21:46:48.520,125,0.71,0.11,29.65098254,-91.3999712
8424,2021-08-22,21:46:49.080,125.1,0.69,0.1,29.65098314,-91.39997009
8425,2021-08-22,21:46:49.680,125.2,0.69,0.1,29.65098379,-91.39996903
8426,2021-08-22,21:46:50.250,125.31,0.68,0.11,29.65098442,-91.39996798
8427,2021-08-22,21:46:50.850,125.41,0.69,0.1,29.65098503,-91.39996689
8428,2021-08-22,21:46:51.410,125.51,0.68,0.1,29.6509857,-91.39996588
8429,2021-08-22,21:46:52.010,125.62,0.67,0.11,29.65098639,-91.39996489
8430,2021-08-22,21:46:52.570,125.72,0.68,0.1,29.65098706,-91.39996388
8431,2021-08-22,21:46:53.170,125.82,0.68,0.1,29.65098777,-91.39996293
8432,2021-08-22,21:46:53.730,125.92,0.68,0.1,29.65098852,-91.39996201
8433,2021-08-22,21:46:54.340,126.03,0.68,0.11,29.65098921,-91.39996107
8434,2021-08-22,21:46:54.910,126.13,0.67,0.1,29.65098994,-91.39996017
8435,2021-08-22,21:46:55.510,126.22,0.67,0.09,29.65099042,-91.39995961
8436,2021-08-22,21:46:56.070,126.27,0.67,0.05,29.65099096,-91.39995881
8437,2021-08-22,21:46:56.670,126.31,0.68,0.04,29.65099125,-91.39995815
8438,2021-08-22,21:46:57.230,126.32,0.69,0.01,29.65099128,-91.39995759
8439,2021-08-22,21:46:57.830,126.34,0.69,0.02,29.65099126,-91.3999571
8440,2021-08-22,21:46:58.390,126.36,0.68,0.02,29.65099125,-91.39995656
8441,2021-08-22,21:46:58.990,126.38,0.68,0.02,29.65099126,-91.39995594
8442,2021-08-22,21:46:59.550,126.41,0.66,0.03,29.65099136,-91.39995551
8443,2021-08-22,21:47:00.160,126.44,0.66,0.03,29.65099143,-91.39995522
8444,2021-08-22,21:47:00.720,126.47,0.67,0.03,29.65099152,-91.39995455
8445,2021-08-22,21:47:01.500,126.51,0.67,0.04,29.65099166,-91.39995407
8446,2021-08-22,21:47:02.090,126.54,0.65,0.03,29.65099184,-91.39995372
8447,2021-08-22,21:47:02.660,126.58,0.66,0.04,29.65099193,-91.39995324
8448,2021-08-22,21:47:03.250,126.61,0.66,0.03,29.65099211,-91.39995286
8449,2021-08-22,21:47:03.820,126.63,0.65,0.02,29.65099231,-91.39995255
8450,2021-08-22,21:47:04.420,126.67,0.65,0.04,29.65099245,-91.3999521
8451,2021-08-22,21:47:04.980,126.7,0.66,0.03,29.6509926,-91.39995169
8452,2021-08-22,21:47:05.580,126.73,0.65,0.03,29.65099285,-91.39995137
8453,2021-08-22,21:47:06.140,126.77,0.67,0.04,29.65099295,-91.39995084
8454,2021-08-22,21:47:06.740,126.81,0.68,0.04,29.65099304,-91.39995051
8455,2021-08-22,21:47:07.310,126.83,0.67,0.02,29.65099325,-91.39995014
8456,2021-08-22,21:47:07.910,126.86,0.68,0.03,29.65099338,-91.39994971
8457,2021-08-22,21:47:08.480,126.89,0.68,0.03,29.6509935,-91.39994932
8458,2021-08-22,21:47:09.080,126.93,0.68,0.04,29.65099362,-91.39994894
8459,2021-08-22,21:47:09.650,126.96,0.68,0.03,29.65099377,-91.39994861
8460,2021-08-22,21:47:10.250,126.95,0.68,-0.01,29.65099383,-91.3999483
8461,2021-08-22,21:47:10.810,126.9,0.66,-0.05,29.65099367,-91.39994832
8462,2021-08-22,21:47:11.420,126.86,0.69,-0.04,29.65099325,-91.39994834
8463,2021-08-22,21:47:11.990,126.84,0.7,-0.02,29.65099288,-91.39994838
8464,2021-08-22,21:47:12.590,126.81,0.69,-0.03,29.65099263,-91.39994849
8465,2021-08-22,21:47:13.140,126.78,0.69,-0.03,29.65099226,-91.39994846
8466,2021-08-22,21:47:13.730,126.74,0.7,-0.04,29.65099198,-91.39994838
8467,2021-08-22,21:47:14.290,126.71,0.69,-0.03,29.65099163,-91.39994842
8468,2021-08-22,21:47:14.900,126.68,0.68,-0.03,29.65099128,-91.39994838
8469,2021-08-22,21:47:15.460,126.66,0.69,-0.02,29.65099092,-91.39994828
