ensemble,upper_depth,lower_depth,velocity_component,flow_velocity
1263,0.37,0.39,easting,0.235
1263,0.39,0.41,easting,0.201
1263,0.41,0.43,easting,0.278
1263,0.43,0.45,easting,0.232
1263,0.45,0.47,easting,0.224
1263,0.47,0.49,easting,0.242
1263,0.49,0.51,easting,0.259
1263,0.37,0.39,northing,-0.476
1263,0.39,0.41,northing,-0.488
1263,0.41,0.43,northing,-0.499
1263,0.43,0.45,northing,-0.511
1263,0.45,0.47,northing,-0.486
1263,0.47,0.49,northing,-0.457
1263,0.49,0.51,northing,-0.427
1263,0.37,0.39,vertical,0.06
1263,0.39,0.41,vertical,0.058
1263,0.41,0.43,vertical,0.052
1263,0.43,0.45,vertical,0.049
1263,0.45,0.47,vertical,0.045
1263,0.47,0.49,vertical,0.045
1263,0.49,0.51,vertical,0.055
1265,0.37,0.39,easting,-0.236
1265,0.39,0.41,easting,-0.192
1265,0.41,0.43,easting,-0.179
1265,0.43,0.45,easting,-0.243
1265,0.45,0.47,easting,-0.162
1265,0.47,0.49,easting,-0.189
1265,0.49,0.51,easting,-0.218
1265,0.37,0.39,northing,0.296
1265,0.39,0.41,northing,0.289
1265,0.41,0.43,northing,0.275
1265,0.43,0.45,northing,0.257
1265,0.45,0.47,northing,0.257
1265,0.47,0.49,northing,0.24
1265,0.49,0.51,northing,0.246
1265,0.37,0.39,vertical,-0.012
1265,0.39,0.41,vertical,0.003
1265,0.41,0.43,vertical,0.006
1265,0.43,0.45,vertical,-0.006
1265,0.45,0.47,vertical,0.017
1265,0.47,0.49,vertical,0.01
1265,0.49,0.51,vertical,0.007
1266,0.37,0.39,easting,0.173
1266,0.39,0.41,easting,0.145
1266,0.41,0.43,easting,0.126
1266,0.43,0.45,easting,0.143
1266,0.45,0.47,easting,0.122
1266,0.47,0.49,easting,0.121
1266,0.49,0.51,easting,0.143
1266,0.37,0.39,northing,0.374
1266,0.39,0.41,northing,0.349
1266,0.41,0.43,northing,0.326
1266,0.43,0.45,northing,0.354
1266,0.45,0.47,northing,0.373
1266,0.47,0.49,northing,0.417
1266,0.49,0.51,northing,0.399
1266,0.37,0.39,vertical,0.107
1266,0.39,0.41,vertical,0.106
1266,0.41,0.43,vertical,0.111
1266,0.43,0.45,vertical,0.11
1266,0.45,0.47,vertical,0.106
1266,0.47,0.49,vertical,0.105
1266,0.49,0.51,vertical,0.121
1269,0.37,0.39,easting,-0.345
1269,0.39,0.41,easting,-0.326
1269,0.41,0.43,easting,-0.324
1269,0.43,0.45,easting,-0.349
1269,0.45,0.47,easting,-0.357
1269,0.47,0.49,easting,-0.308
1269,0.49,0.51,easting,-0.333
1269,0.37,0.39,northing,-0.082
1269,0.39,0.41,northing,-0.09
1269,0.41,0.43,northing,-0.159
1269,0.43,0.45,northing,-0.166
1269,0.45,0.47,northing,-0.214
1269,0.47,0.49,northing,-0.192
1269,0.49,0.51,northing,-0.121
1269,0.37,0.39,vertical,-0.101
1269,0.39,0.41,vertical,-0.106
1269,0.41,0.43,vertical,-0.093
1269,0.43,0.45,vertical,-0.087
1269,0.45,0.47,vertical,-0.084
1269,0.47,0.49,vertical,-0.084
1269,0.49,0.51,vertical,-0.078
1270,0.37,0.39,easting,0.058
1270,0.39,0.41,easting,0.053
1270,0.41,0.43,easting,0.051
1270,0.43,0.45,easting,0.04
1270,0.45,0.47,easting,0.031
1270,0.47,0.49,easting,0.05
1270,0.37,0.39,northing,-0.053
1270,0.39,0.41,northing,-0.049
1270,0.41,0.43,northing,-0.064
1270,0.43,0.45,northing,-0.129
1270,0.45,0.47,northing,-0.163
1270,0.47,0.49,northing,-0.115
1270,0.37,0.39,vertical,-0.1
1270,0.39,0.41,vertical,-0.104
1270,0.41,0.43,vertical,-0.098
1270,0.43,0.45,vertical,-0.081
1270,0.45,0.47,vertical,-0.068
1270,0.47,0.49,vertical,-0.06
1272,0.37,0.39,easting,0.362
1272,0.39,0.41,easting,0.337
1272,0.41,0.43,easting,0.328
1272,0.43,0.45,easting,0.326
1272,0.45,0.47,easting,0.305
1272,0.47,0.49,easting,0.371
1272,0.49,0.51,easting,0.364
1272,0.37,0.39,northing,-0.265
1272,0.39,0.41,northing,-0.278
1272,0.41,0.43,northing,-0.291
1272,0.43,0.45,northing,-0.341
1272,0.45,0.47,northing,-0.326
1272,0.47,0.49,northing,-0.348
1272,0.49,0.51,northing,-0.368
1272,0.37,0.39,vertical,-0.057
1272,0.39,0.41,vertical,-0.06
1272,0.41,0.43,vertical,-0.06
1272,0.43,0.45,vertical,-0.043
1272,0.45,0.47,vertical,-0.039
1272,0.47,0.49,vertical,-0.033
1272,0.49,0.51,vertical,-0.016
1277,0.37,0.39,easting,0.299
1277,0.39,0.41,easting,0.311
1277,0.41,0.43,easting,0.3
1277,0.43,0.45,easting,0.293
1277,0.45,0.47,easting,0.294
1277,0.47,0.49,easting,0.226
1277,0.49,0.51,easting,0.281
1277,0.37,0.39,northing,0.729
1277,0.39,0.41,northing,0.744
1277,0.41,0.43,northing,0.756
1277,0.43,0.45,northing,0.813
1277,0.45,0.47,northing,0.818
1277,0.47,0.49,northing,0.801
1277,0.49,0.51,northing,0.827
1277,0.37,0.39,vertical,-0.06
1277,0.39,0.41,vertical,-0.058
1277,0.41,0.43,vertical,-0.06
1277,0.43,0.45,vertical,-0.063
1277,0.45,0.47,vertical,-0.064
1277,0.47,0.49,vertical,-0.052
1277,0.49,0.51,vertical,-0.057
1279,0.37,0.39,easting,-0.331
1279,0.39,0.41,easting,-0.389
1279,0.41,0.43,easting,-0.357
1279,0.43,0.45,easting,-0.346
1279,0.45,0.47,easting,-0.356
1279,0.47,0.49,easting,-0.352
1279,0.49,0.51,easting,-0.343
1279,0.51,0.53,easting,-0.229
1279,0.37,0.39,northing,-0.635
1279,0.39,0.41,northing,-0.545
1279,0.41,0.43,northing,-0.556
1279,0.43,0.45,northing,-0.53
1279,0.45,0.47,northing,-0.512
1279,0.47,0.49,northing,-0.515
1279,0.49,0.51,northing,-0.527
1279,0.51,0.53,northing,-0.56
1279,0.37,0.39,vertical,-0.202
1279,0.39,0.41,vertical,-0.204
1279,0.41,0.43,vertical,-0.217
1279,0.43,0.45,vertical,-0.214
1279,0.45,0.47,vertical,-0.214
1279,0.47,0.49,vertical,-0.208
1279,0.49,0.51,vertical,-0.207
1279,0.51,0.53,vertical,-0.21
1280,0.37,0.39,easting,0.306
1280,0.39,0.41,easting,0.311
1280,0.41,0.43,easting,0.323
1280,0.43,0.45,easting,0.296
1280,0.45,0.47,easting,0.313
1280,0.47,0.49,easting,0.325
1280,0.49,0.51,easting,0.371
1280,0.51,0.53,easting,0.382
1280,0.37,0.39,northing,0.056
1280,0.39,0.41,northing,0.108
1280,0.41,0.43,northing,0.1
1280,0.43,0.45,northing,0.116
1280,0.45,0.47,northing,0.067
1280,0.47,0.49,northing,0.102
1280,0.49,0.51,northing,0.075
1280,0.51,0.53,northing,0.087
1280,0.37,0.39,vertical,0.197
1280,0.39,0.41,vertical,0.204
1280,0.41,0.43,vertical,0.207
1280,0.43,0.45,vertical,0.216
1280,0.45,0.47,vertical,0.228
1280,0.47,0.49,vertical,0.226
1280,0.49,0.51,vertical,0.216
1280,0.51,0.53,vertical,0.22
1281,0.37,0.39,easting,-0.059
1281,0.39,0.41,easting,-0.101
1281,0.41,0.43,easting,-0.112
1281,0.43,0.45,easting,-0.125
1281,0.45,0.47,easting,-0.128
1281,0.47,0.49,easting,-0.144
1281,0.49,0.51,easting,-0.073
1281,0.51,0.53,easting,-0.057
1281,0.37,0.39,northing,-1.064
1281,0.39,0.41,northing,-1.085
1281,0.41,0.43,northing,-1.054
1281,0.43,0.45,northing,-1.052
1281,0.45,0.47,northing,-1.054
1281,0.47,0.49,northing,-1.084
1281,0.49,0.51,northing,-1.082
1281,0.51,0.53,northing,-1.034
1281,0.37,0.39,vertical,-0.052
1281,0.39,0.41,vertical,-0.039
1281,0.41,0.43,vertical,-0.034
1281,0.43,0.45,vertical,-0.024
1281,0.45,0.47,vertical,-0.036
1281,0.47,0.49,vertical,-0.037
1281,0.49,0.51,vertical,-0.024
1281,0.51,0.53,vertical,-0.027
1283,0.37,0.39,easting,-0.349
1283,0.39,0.41,easting,-0.322
1283,0.41,0.43,easting,-0.368
1283,0.43,0.45,easting,-0.347
1283,0.45,0.47,easting,-0.343
1283,0.47,0.49,easting,-0.4
1283,0.49,0.51,easting,-0.293
1283,0.37,0.39,northing,0.035
1283,0.39,0.41,northing,-0.022
1283,0.41,0.43,northing,0.014
1283,0.43,0.45,northing,0.008
1283,0.45,0.47,northing,0.01
1283,0.47,0.49,northing,0.047
1283,0.49,0.51,northing,0.02
1283,0.37,0.39,vertical,-0.068
1283,0.39,0.41,vertical,-0.075
1283,0.41,0.43,vertical,-0.07
1283,0.43,0.45,vertical,-0.073
1283,0.45,0.47,vertical,-0.076
1283,0.47,0.49,vertical,-0.065
1283,0.49,0.51,vertical,-0.063
1284,0.37,0.39,easting,0.42
1284,0.39,0.41,easting,0.435
1284,0.41,0.43,easting,0.437
1284,0.43,0.45,easting,0.381
1284,0.45,0.47,easting,0.413
1284,0.47,0.49,easting,0.436
1284,0.49,0.51,easting,0.462
1284,0.51,0.53,easting,0.425
1284,0.37,0.39,northing,-0.172
1284,0.39,0.41,northing,-0.151
1284,0.41,0.43,northing,-0.158
1284,0.43,0.45,northing,-0.16
1284,0.45,0.47,northing,-0.163
1284,0.47,0.49,northing,-0.156
1284,0.49,0.51,northing,-0.137
1284,0.51,0.53,northing,-0.183
1284,0.37,0.39,vertical,0.1
1284,0.39,0.41,vertical,0.097
1284,0.41,0.43,vertical,0.093
1284,0.43,0.45,vertical,0.1
1284,0.45,0.47,vertical,0.089
1284,0.47,0.49,vertical,0.086
1284,0.49,0.51,vertical,0.088
1284,0.51,0.53,vertical,0.099
1285,0.37,0.39,easting,0.09
1285,0.39,0.41,easting,0.037
1285,0.41,0.43,easting,0.028
1285,0.43,0.45,easting,0.053
1285,0.45,0.47,easting,0.042
1285,0.47,0.49,easting,0.014
1285,0.49,0.51,easting,0.052
1285,0.51,0.53,easting,0.038
1285,0.37,0.39,northing,-0.25
1285,0.39,0.41,northing,-0.234
1285,0.41,0.43,northing,-0.26
1285,0.43,0.45,northing,-0.228
1285,0.45,0.47,northing,-0.261
1285,0.47,0.49,northing,-0.247
1285,0.49,0.51,northing,-0.344
1285,0.51,0.53,northing,-0.337
1285,0.37,0.39,vertical,-0.085
1285,0.39,0.41,vertical,-0.073
1285,0.41,0.43,vertical,-0.073
1285,0.43,0.45,vertical,-0.068
1285,0.45,0.47,vertical,-0.077
1285,0.47,0.49,vertical,-0.073
1285,0.49,0.51,vertical,-0.066
1285,0.51,0.53,vertical,-0.058
1286,0.37,0.39,easting,0.233
1286,0.39,0.41,easting,0.242
1286,0.41,0.43,easting,0.187
1286,0.43,0.45,easting,0.228
1286,0.45,0.47,easting,0.171
1286,0.47,0.49,easting,0.177
1286,0.49,0.51,easting,0.18
1286,0.51,0.53,easting,0.22
1286,0.37,0.39,northing,0.017
1286,0.39,0.41,northing,-0.01
1286,0.41,0.43,northing,0.086
1286,0.43,0.45,northing,0.07
1286,0.45,0.47,northing,0.088
1286,0.47,0.49,northing,0.048
1286,0.49,0.51,northing,-0.004
1286,0.51,0.53,northing,-0.001
1286,0.37,0.39,vertical,0.037
1286,0.39,0.41,vertical,0.04
1286,0.41,0.43,vertical,0.037
1286,0.43,0.45,vertical,0.033
1286,0.45,0.47,vertical,0.034
1286,0.47,0.49,vertical,0.032
1286,0.49,0.51,vertical,0.043
1286,0.51,0.53,vertical,0.044
1287,0.37,0.39,easting,-0.156
1287,0.39,0.41,easting,-0.151
1287,0.41,0.43,easting,-0.175
1287,0.43,0.45,easting,-0.228
1287,0.45,0.47,easting,-0.191
1287,0.47,0.49,easting,-0.208
1287,0.49,0.51,easting,-0.133
1287,0.51,0.53,easting,-0.177
1287,0.37,0.39,northing,-0.085
1287,0.39,0.41,northing,-0.039
1287,0.41,0.43,northing,-0.016
1287,0.43,0.45,northing,-0.049
1287,0.45,0.47,northing,-0.01
1287,0.47,0.49,northing,-0.041
1287,0.49,0.51,northing,-0.032
1287,0.51,0.53,northing,-0.077
1287,0.37,0.39,vertical,-0.03
1287,0.39,0.41,vertical,-0.029
1287,0.41,0.43,vertical,-0.024
1287,0.43,0.45,vertical,-0.027
1287,0.45,0.47,vertical,-0.021
1287,0.47,0.49,vertical,-0.024
1287,0.49,0.51,vertical,-0.02
1287,0.51,0.53,vertical,-0.002
1288,0.37,0.39,easting,0.146
1288,0.39,0.41,easting,0.152
1288,0.41,0.43,easting,0.138
1288,0.43,0.45,easting,0.136
1288,0.45,0.47,easting,0.124
1288,0.47,0.49,easting,0.112
1288,0.49,0.51,easting,0.124
1288,0.37,0.39,northing,0.291
1288,0.39,0.41,northing,0.325
1288,0.41,0.43,northing,0.288
1288,0.43,0.45,northing,0.352
1288,0.45,0.47,northing,0.335
1288,0.47,0.49,northing,0.332
1288,0.49,0.51,northing,0.306
1288,0.37,0.39,vertical,-0.003
1288,0.39,0.41,vertical,0.004
1288,0.41,0.43,vertical,0.009
1288,0.43,0.45,vertical,0.007
1288,0.45,0.47,vertical,0.008
1288,0.47,0.49,vertical,0.005
1288,0.49,0.51,vertical,0.013
1289,0.37,0.39,easting,0.438
1289,0.39,0.41,easting,0.445
1289,0.41,0.43,easting,0.471
1289,0.43,0.45,easting,0.455
1289,0.45,0.47,easting,0.418
1289,0.47,0.49,easting,0.431
1289,0.49,0.51,easting,0.416
1289,0.37,0.39,northing,0.195
1289,0.39,0.41,northing,0.219
1289,0.41,0.43,northing,0.233
1289,0.43,0.45,northing,0.238
1289,0.45,0.47,northing,0.187
1289,0.47,0.49,northing,0.174
1289,0.49,0.51,northing,0.122
1289,0.37,0.39,vertical,-0.061
1289,0.39,0.41,vertical,-0.058
1289,0.41,0.43,vertical,-0.056
1289,0.43,0.45,vertical,-0.052
1289,0.45,0.47,vertical,-0.055
1289,0.47,0.49,vertical,-0.051
1289,0.49,0.51,vertical,-0.04
1290,0.37,0.39,easting,0.493
1290,0.39,0.41,easting,0.542
1290,0.41,0.43,easting,0.535
1290,0.43,0.45,easting,0.527
1290,0.45,0.47,easting,0.532
1290,0.47,0.49,easting,0.506
1290,0.49,0.51,easting,0.518
1290,0.51,0.53,easting,0.518
1290,0.37,0.39,northing,-0.122
1290,0.39,0.41,northing,-0.068
1290,0.41,0.43,northing,-0.027
1290,0.43,0.45,northing,-0.044
1290,0.45,0.47,northing,-0.064
1290,0.47,0.49,northing,-0.102
1290,0.49,0.51,northing,-0.081
1290,0.51,0.53,northing,-0.079
1290,0.37,0.39,vertical,-0.248
1290,0.39,0.41,vertical,-0.239
1290,0.41,0.43,vertical,-0.244
1290,0.43,0.45,vertical,-0.243
1290,0.45,0.47,vertical,-0.23
1290,0.47,0.49,vertical,-0.236
1290,0.49,0.51,vertical,-0.232
1290,0.51,0.53,vertical,-0.238
1291,0.37,0.39,easting,-0.025
1291,0.39,0.41,easting,-0.017
1291,0.41,0.43,easting,-0.027
1291,0.43,0.45,easting,-0.013
1291,0.45,0.47,easting,-0.039
1291,0.47,0.49,easting,-0.003
1291,0.49,0.51,easting,0.004
1291,0.51,0.53,easting,0.003
1291,0.37,0.39,northing,0.087
1291,0.39,0.41,northing,0.117
1291,0.41,0.43,northing,0.131
1291,0.43,0.45,northing,0.11
1291,0.45,0.47,northing,0.159
1291,0.47,0.49,northing,0.148
1291,0.49,0.51,northing,0.095
1291,0.51,0.53,northing,0.053
1291,0.37,0.39,vertical,-0.094
1291,0.39,0.41,vertical,-0.097
1291,0.41,0.43,vertical,-0.105
1291,0.43,0.45,vertical,-0.098
1291,0.45,0.47,vertical,-0.091
1291,0.47,0.49,vertical,-0.085
1291,0.49,0.51,vertical,-0.077
1291,0.51,0.53,vertical,-0.076
1293,0.37,0.39,easting,-0.309
1293,0.39,0.41,easting,-0.384
1293,0.41,0.43,easting,-0.364
1293,0.43,0.45,easting,-0.388
1293,0.45,0.47,easting,-0.348
1293,0.47,0.49,easting,-0.365
1293,0.49,0.51,easting,-0.401
1293,0.51,0.53,easting,-0.411
1293,0.37,0.39,northing,-0.452
1293,0.39,0.41,northing,-0.417
1293,0.41,0.43,northing,-0.448
1293,0.43,0.45,northing,-0.452
1293,0.45,0.47,northing,-0.45
1293,0.47,0.49,northing,-0.437
1293,0.49,0.51,northing,-0.461
1293,0.51,0.53,northing,-0.439
1293,0.37,0.39,vertical,0.157
1293,0.39,0.41,vertical,0.167
1293,0.41,0.43,vertical,0.166
1293,0.43,0.45,vertical,0.176
1293,0.45,0.47,vertical,0.178
1293,0.47,0.49,vertical,0.176
1293,0.49,0.51,vertical,0.182
1293,0.51,0.53,vertical,0.183
1294,0.37,0.39,easting,-0.01
1294,0.39,0.41,easting,-0.011
1294,0.41,0.43,easting,-0.017
1294,0.43,0.45,easting,-0.025
1294,0.45,0.47,easting,0.01
1294,0.47,0.49,easting,-0.013
1294,0.49,0.51,easting,-0.034
1294,0.37,0.39,northing,-0.031
1294,0.39,0.41,northing,0.012
1294,0.41,0.43,northing,-0.001
1294,0.43,0.45,northing,-0.021
1294,0.45,0.47,northing,0.003
1294,0.47,0.49,northing,-0.018
1294,0.49,0.51,northing,-0.027
1294,0.37,0.39,vertical,-0.04
1294,0.39,0.41,vertical,-0.043
1294,0.41,0.43,vertical,-0.041
1294,0.43,0.45,vertical,-0.03
1294,0.45,0.47,vertical,-0.021
1294,0.47,0.49,vertical,-0.029
1294,0.49,0.51,vertical,-0.028
1295,0.37,0.39,easting,0.043
1295,0.39,0.41,easting,0.024
1295,0.41,0.43,easting,0.036
1295,0.43,0.45,easting,0.053
1295,0.45,0.47,easting,0.017
1295,0.37,0.39,northing,0.149
1295,0.39,0.41,northing,0.077
1295,0.41,0.43,northing,0.074
1295,0.43,0.45,northing,0.046
1295,0.45,0.47,northing,0.021
1295,0.37,0.39,vertical,-0.018
1295,0.39,0.41,vertical,-0.039
1295,0.41,0.43,vertical,-0.038
1295,0.43,0.45,vertical,-0.02
1295,0.45,0.47,vertical,-0.016
1296,0.37,0.39,easting,-0.147
1296,0.39,0.41,easting,-0.131
1296,0.41,0.43,easting,-0.137
1296,0.43,0.45,easting,-0.21
1296,0.45,0.47,easting,-0.238
1296,0.47,0.49,easting,-0.156
1296,0.37,0.39,northing,0.033
1296,0.39,0.41,northing,0.028
1296,0.41,0.43,northing,0.093
1296,0.43,0.45,northing,0.042
1296,0.45,0.47,northing,0.071
1296,0.47,0.49,northing,0.061
1296,0.37,0.39,vertical,-0.001
1296,0.39,0.41,vertical,0.004
1296,0.41,0.43,vertical,-0.005
1296,0.43,0.45,vertical,-0.001
1296,0.45,0.47,vertical,0.009
1296,0.47,0.49,vertical,0.009
1297,0.37,0.39,easting,-0.056
1297,0.39,0.41,easting,-0.017
1297,0.41,0.43,easting,0.005
1297,0.43,0.45,easting,0.008
1297,0.45,0.47,easting,-0.045
1297,0.37,0.39,northing,0.087
1297,0.39,0.41,northing,0.11
1297,0.41,0.43,northing,0.059
1297,0.43,0.45,northing,0.129
1297,0.45,0.47,northing,0.064
1297,0.37,0.39,vertical,-0.046
1297,0.39,0.41,vertical,-0.035
1297,0.41,0.43,vertical,-0.029
1297,0.43,0.45,vertical,-0.029
1297,0.45,0.47,vertical,-0.029
1298,0.37,0.39,easting,0.064
1298,0.39,0.41,easting,0.079
1298,0.41,0.43,easting,0.066
1298,0.43,0.45,easting,0.045
1298,0.45,0.47,easting,0.03
1298,0.47,0.49,easting,0.067
1298,0.37,0.39,northing,0.052
1298,0.39,0.41,northing,0.063
1298,0.41,0.43,northing,0.11
1298,0.43,0.45,northing,0.068
1298,0.45,0.47,northing,0.138
1298,0.47,0.49,northing,0.073
1298,0.37,0.39,vertical,-0.01
1298,0.39,0.41,vertical,-0.013
1298,0.41,0.43,vertical,-0.008
1298,0.43,0.45,vertical,-0.01
1298,0.45,0.47,vertical,-0.018
1298,0.47,0.49,vertical,-0.01
1299,0.37,0.39,easting,0.062
1299,0.39,0.41,easting,0.069
1299,0.41,0.43,easting,0.086
1299,0.43,0.45,easting,0.114
1299,0.45,0.47,easting,0.076
1299,0.47,0.49,easting,0.077
1299,0.37,0.39,northing,0.26
1299,0.39,0.41,northing,0.305
1299,0.41,0.43,northing,0.292
1299,0.43,0.45,northing,0.269
1299,0.45,0.47,northing,0.256
1299,0.47,0.49,northing,0.226
1299,0.37,0.39,vertical,0.009
1299,0.39,0.41,vertical,0.011
1299,0.41,0.43,vertical,0.025
1299,0.43,0.45,vertical,0.021
1299,0.45,0.47,vertical,0.022
1299,0.47,0.49,vertical,0.014
1300,0.37,0.39,easting,0.073
1300,0.39,0.41,easting,0.061
1300,0.41,0.43,easting,0.059
1300,0.43,0.45,easting,0.035
1300,0.45,0.47,easting,0.035
1300,0.47,0.49,easting,0.092
1300,0.49,0.51,easting,0.049
1300,0.51,0.53,easting,0.082
1300,0.37,0.39,northing,0.085
1300,0.39,0.41,northing,0.057
1300,0.41,0.43,northing,0.031
1300,0.43,0.45,northing,0.064
1300,0.45,0.47,northing,0.019
1300,0.47,0.49,northing,0.002
1300,0.49,0.51,northing,0.014
1300,0.51,0.53,northing,-0.039
1300,0.37,0.39,vertical,-0.071
1300,0.39,0.41,vertical,-0.073
1300,0.41,0.43,vertical,-0.071
1300,0.43,0.45,vertical,-0.063
1300,0.45,0.47,vertical,-0.061
1300,0.47,0.49,vertical,-0.062
1300,0.49,0.51,vertical,-0.051
1300,0.51,0.53,vertical,-0.046
1301,0.37,0.39,easting,0.223
1301,0.39,0.41,easting,0.237
1301,0.41,0.43,easting,0.217
1301,0.43,0.45,easting,0.226
1301,0.45,0.47,easting,0.256
1301,0.47,0.49,easting,0.259
1301,0.49,0.51,easting,0.25
1301,0.51,0.53,easting,0.197
1301,0.53,0.55,easting,0.217
1301,0.37,0.39,northing,0.024
1301,0.39,0.41,northing,0.062
1301,0.41,0.43,northing,0.022
1301,0.43,0.45,northing,0.005
1301,0.45,0.47,northing,0.047
1301,0.47,0.49,northing,0.052
1301,0.49,0.51,northing,0.014
1301,0.51,0.53,northing,0.023
1301,0.53,0.55,northing,-0.016
1301,0.37,0.39,vertical,0.038
1301,0.39,0.41,vertical,0.035
1301,0.41,0.43,vertical,0.035
1301,0.43,0.45,vertical,0.034
1301,0.45,0.47,vertical,0.038
1301,0.47,0.49,vertical,0.036
1301,0.49,0.51,vertical,0.036
1301,0.51,0.53,vertical,0.042
1301,0.53,0.55,vertical,0.034
1302,0.37,0.39,easting,0.003
1302,0.39,0.41,easting,-0.078
1302,0.41,0.43,easting,-0.055
1302,0.43,0.45,easting,-0.063
1302,0.45,0.47,easting,-0.004
1302,0.47,0.49,easting,-0.004
1302,0.49,0.51,easting,0.012
1302,0.51,0.53,easting,-0.002
1302,0.53,0.55,easting,-0.006
1302,0.37,0.39,northing,0.049
1302,0.39,0.41,northing,0.034
1302,0.41,0.43,northing,0.046
1302,0.43,0.45,northing,0.034
1302,0.45,0.47,northing,0.059
1302,0.47,0.49,northing,0.066
1302,0.49,0.51,northing,0.082
1302,0.51,0.53,northing,0.071
1302,0.53,0.55,northing,0.08
1302,0.37,0.39,vertical,-0.004
1302,0.39,0.41,vertical,0.002
1302,0.41,0.43,vertical,-0.002
1302,0.43,0.45,vertical,-0.001
1302,0.45,0.47,vertical,0
1302,0.47,0.49,vertical,0
1302,0.49,0.51,vertical,-0.003
1302,0.51,0.53,vertical,-0.011
1302,0.53,0.55,vertical,-0.025
1303,0.37,0.39,easting,0.042
1303,0.39,0.41,easting,0.096
1303,0.41,0.43,easting,0.054
1303,0.43,0.45,easting,0.077
1303,0.45,0.47,easting,0.071
1303,0.47,0.49,easting,0.062
1303,0.49,0.51,easting,0.044
1303,0.51,0.53,easting,0.081
1303,0.53,0.55,easting,0.106
1303,0.37,0.39,northing,0.014
1303,0.39,0.41,northing,-0.011
1303,0.41,0.43,northing,-0.001
1303,0.43,0.45,northing,-0.026
1303,0.45,0.47,northing,-0.026
1303,0.47,0.49,northing,-0.003
1303,0.49,0.51,northing,0.016
1303,0.51,0.53,northing,-0.001
1303,0.53,0.55,northing,-0.017
1303,0.37,0.39,vertical,0.022
1303,0.39,0.41,vertical,0.025
1303,0.41,0.43,vertical,0.036
1303,0.43,0.45,vertical,0.023
1303,0.45,0.47,vertical,0.025
1303,0.47,0.49,vertical,0.031
1303,0.49,0.51,vertical,0.032
1303,0.51,0.53,vertical,0.037
1303,0.53,0.55,vertical,0.028
1304,0.37,0.39,easting,0.009
1304,0.39,0.41,easting,0.012
1304,0.41,0.43,easting,-0.035
1304,0.43,0.45,easting,-0.019
1304,0.45,0.47,easting,0.005
1304,0.47,0.49,easting,0.004
1304,0.49,0.51,easting,0.031
1304,0.51,0.53,easting,0.044
1304,0.53,0.55,easting,0.045
1304,0.55,0.57,easting,0.017
1304,0.37,0.39,northing,-0.192
1304,0.39,0.41,northing,-0.198
1304,0.41,0.43,northing,-0.198
1304,0.43,0.45,northing,-0.188
1304,0.45,0.47,northing,-0.114
1304,0.47,0.49,northing,-0.158
1304,0.49,0.51,northing,-0.164
1304,0.51,0.53,northing,-0.161
1304,0.53,0.55,northing,-0.148
1304,0.55,0.57,northing,-0.151
1304,0.37,0.39,vertical,-0.033
1304,0.39,0.41,vertical,-0.034
1304,0.41,0.43,vertical,-0.027
1304,0.43,0.45,vertical,-0.031
1304,0.45,0.47,vertical,-0.02
1304,0.47,0.49,vertical,-0.016
1304,0.49,0.51,vertical,-0.016
1304,0.51,0.53,vertical,-0.017
1304,0.53,0.55,vertical,-0.012
1304,0.55,0.57,vertical,-0.014
1305,0.37,0.39,easting,0.013
1305,0.39,0.41,easting,0.009
1305,0.41,0.43,easting,-0.01
1305,0.43,0.45,easting,0.002
1305,0.45,0.47,easting,0.052
1305,0.47,0.49,easting,0.064
1305,0.49,0.51,easting,0.085
1305,0.51,0.53,easting,0.101
1305,0.53,0.55,easting,0.1
1305,0.55,0.57,easting,0.11
1305,0.37,0.39,northing,-0.025
1305,0.39,0.41,northing,0.01
1305,0.41,0.43,northing,-0.012
1305,0.43,0.45,northing,0.03
1305,0.45,0.47,northing,-0.023
1305,0.47,0.49,northing,-0.024
1305,0.49,0.51,northing,-0.021
1305,0.51,0.53,northing,-0.017
1305,0.53,0.55,northing,-0.018
1305,0.55,0.57,northing,-0.011
1305,0.37,0.39,vertical,-0.051
1305,0.39,0.41,vertical,-0.051
1305,0.41,0.43,vertical,-0.047
1305,0.43,0.45,vertical,-0.043
1305,0.45,0.47,vertical,-0.04
1305,0.47,0.49,vertical,-0.031
1305,0.49,0.51,vertical,-0.02
1305,0.51,0.53,vertical,-0.016
1305,0.53,0.55,vertical,-0.015
1305,0.55,0.57,vertical,-0.019
1306,0.37,0.39,easting,0.107
1306,0.39,0.41,easting,0.106
1306,0.41,0.43,easting,0.071
1306,0.43,0.45,easting,0.027
1306,0.45,0.47,easting,0.002
1306,0.47,0.49,easting,0.028
1306,0.49,0.51,easting,0.063
1306,0.51,0.53,easting,0.115
1306,0.53,0.55,easting,0.133
1306,0.37,0.39,northing,-0.147
1306,0.39,0.41,northing,-0.14
1306,0.41,0.43,northing,-0.165
1306,0.43,0.45,northing,-0.209
1306,0.45,0.47,northing,-0.188
1306,0.47,0.49,northing,-0.2
1306,0.49,0.51,northing,-0.196
1306,0.51,0.53,northing,-0.18
1306,0.53,0.55,northing,-0.18
1306,0.37,0.39,vertical,0.036
1306,0.39,0.41,vertical,0.038
1306,0.41,0.43,vertical,0.046
1306,0.43,0.45,vertical,0.049
1306,0.45,0.47,vertical,0.044
1306,0.47,0.49,vertical,0.05
1306,0.49,0.51,vertical,0.06
1306,0.51,0.53,vertical,0.062
1306,0.53,0.55,vertical,0.071
1307,0.37,0.39,easting,-0.001
1307,0.39,0.41,easting,-0.03
1307,0.41,0.43,easting,0.004
1307,0.43,0.45,easting,-0.011
1307,0.45,0.47,easting,-0.01
1307,0.47,0.49,easting,0.031
1307,0.49,0.51,easting,0.043
1307,0.51,0.53,easting,0.028
1307,0.37,0.39,northing,-0.201
1307,0.39,0.41,northing,-0.125
1307,0.41,0.43,northing,-0.179
1307,0.43,0.45,northing,-0.203
1307,0.45,0.47,northing,-0.212
1307,0.47,0.49,northing,-0.118
1307,0.49,0.51,northing,-0.14
1307,0.51,0.53,northing,-0.123
1307,0.37,0.39,vertical,-0.054
1307,0.39,0.41,vertical,-0.045
1307,0.41,0.43,vertical,-0.058
1307,0.43,0.45,vertical,-0.045
1307,0.45,0.47,vertical,-0.046
1307,0.47,0.49,vertical,-0.03
1307,0.49,0.51,vertical,-0.03
1307,0.51,0.53,vertical,-0.031
1308,0.37,0.39,easting,-0.03
1308,0.39,0.41,easting,-0.077
1308,0.41,0.43,easting,-0.059
1308,0.43,0.45,easting,-0.028
1308,0.45,0.47,easting,-0.086
1308,0.47,0.49,easting,-0.067
1308,0.49,0.51,easting,-0.084
1308,0.51,0.53,easting,-0.05
1308,0.37,0.39,northing,0.096
1308,0.39,0.41,northing,0.113
1308,0.41,0.43,northing,0.091
1308,0.43,0.45,northing,0.11
1308,0.45,0.47,northing,0.099
1308,0.47,0.49,northing,0.056
1308,0.49,0.51,northing,0.093
1308,0.51,0.53,northing,0.107
1308,0.37,0.39,vertical,-0.043
1308,0.39,0.41,vertical,-0.037
1308,0.41,0.43,vertical,-0.036
1308,0.43,0.45,vertical,-0.036
1308,0.45,0.47,vertical,-0.03
1308,0.47,0.49,vertical,-0.026
1308,0.49,0.51,vertical,-0.016
1308,0.51,0.53,vertical,-0.025
1309,0.37,0.39,easting,0.05
1309,0.39,0.41,easting,0.044
1309,0.41,0.43,easting,0.026
1309,0.43,0.45,easting,0.031
1309,0.45,0.47,easting,-0.017
1309,0.47,0.49,easting,0.049
1309,0.49,0.51,easting,0.018
1309,0.37,0.39,northing,0.14
1309,0.39,0.41,northing,0.173
1309,0.41,0.43,northing,0.16
1309,0.43,0.45,northing,0.216
1309,0.45,0.47,northing,0.096
1309,0.47,0.49,northing,0.118
1309,0.49,0.51,northing,0.132
1309,0.37,0.39,vertical,-0.079
1309,0.39,0.41,vertical,-0.065
1309,0.41,0.43,vertical,-0.067
1309,0.43,0.45,vertical,-0.063
1309,0.45,0.47,vertical,-0.069
1309,0.47,0.49,vertical,-0.074
1309,0.49,0.51,vertical,-0.055
1310,0.37,0.39,easting,0.078
1310,0.39,0.41,easting,0.059
1310,0.41,0.43,easting,0.04
1310,0.43,0.45,easting,0.027
1310,0.45,0.47,easting,0.048
1310,0.47,0.49,easting,0.055
1310,0.49,0.51,easting,0.005
1310,0.37,0.39,northing,-0.053
1310,0.39,0.41,northing,0.013
1310,0.41,0.43,northing,-0.011
1310,0.43,0.45,northing,-0.049
1310,0.45,0.47,northing,-0.014
1310,0.47,0.49,northing,-0.009
1310,0.49,0.51,northing,0.001
1310,0.37,0.39,vertical,-0.048
1310,0.39,0.41,vertical,-0.031
1310,0.41,0.43,vertical,-0.04
1310,0.43,0.45,vertical,-0.044
1310,0.45,0.47,vertical,-0.026
1310,0.47,0.49,vertical,-0.033
1310,0.49,0.51,vertical,-0.039
1311,0.37,0.39,easting,0.044
1311,0.39,0.41,easting,0.079
1311,0.41,0.43,easting,0.099
1311,0.43,0.45,easting,0.069
1311,0.45,0.47,easting,0.031
1311,0.47,0.49,easting,0.047
1311,0.37,0.39,northing,0.016
1311,0.39,0.41,northing,0.001
1311,0.41,0.43,northing,-0.008
1311,0.43,0.45,northing,-0.021
1311,0.45,0.47,northing,0.034
1311,0.47,0.49,northing,0.003
1311,0.37,0.39,vertical,-0.028
1311,0.39,0.41,vertical,-0.042
1311,0.41,0.43,vertical,-0.03
1311,0.43,0.45,vertical,-0.032
1311,0.45,0.47,vertical,-0.025
1311,0.47,0.49,vertical,-0.026
1312,0.37,0.39,easting,0.3
1312,0.39,0.41,easting,0.306
1312,0.41,0.43,easting,0.247
1312,0.43,0.45,easting,0.277
1312,0.45,0.47,easting,0.263
1312,0.47,0.49,easting,0.244
1312,0.49,0.51,easting,0.259
1312,0.37,0.39,northing,-0.383
1312,0.39,0.41,northing,-0.48
1312,0.41,0.43,northing,-0.333
1312,0.43,0.45,northing,-0.33
1312,0.45,0.47,northing,-0.325
1312,0.47,0.49,northing,-0.303
1312,0.49,0.51,northing,-0.303
1312,0.37,0.39,vertical,-0.113
1312,0.39,0.41,vertical,-0.12
1312,0.41,0.43,vertical,-0.103
1312,0.43,0.45,vertical,-0.11
1312,0.45,0.47,vertical,-0.108
1312,0.47,0.49,vertical,-0.094
1312,0.49,0.51,vertical,-0.107
1314,0.37,0.39,easting,0.126
1314,0.39,0.41,easting,0.15
1314,0.41,0.43,easting,0.165
1314,0.43,0.45,easting,0.602
1314,0.45,0.47,easting,0.44
1314,0.47,0.49,easting,3.632
1314,0.37,0.39,northing,-0.03
1314,0.39,0.41,northing,0.062
1314,0.41,0.43,northing,0.041
1314,0.43,0.45,northing,0.022
1314,0.45,0.47,northing,0.224
1314,0.47,0.49,northing,0.876
1314,0.37,0.39,vertical,-0.044
1314,0.39,0.41,vertical,-0.072
1314,0.41,0.43,vertical,-0.044
1314,0.43,0.45,vertical,-0.109
1314,0.45,0.47,vertical,-0.093
1314,0.47,0.49,vertical,-0.286
1315,0.37,0.39,easting,-0.025
1315,0.39,0.41,easting,-0.027
1315,0.41,0.43,easting,0.009
1315,0.43,0.45,easting,0
1315,0.45,0.47,easting,0.019
1315,0.47,0.49,easting,0.011
1315,0.49,0.51,easting,-0.031
1315,0.37,0.39,northing,-0.007
1315,0.39,0.41,northing,0.22
1315,0.41,0.43,northing,-0.008
1315,0.43,0.45,northing,-0.014
1315,0.45,0.47,northing,0.031
1315,0.47,0.49,northing,0.029
1315,0.49,0.51,northing,0.038
1315,0.37,0.39,vertical,-0.03
1315,0.39,0.41,vertical,-0.061
1315,0.41,0.43,vertical,-0.006
1315,0.43,0.45,vertical,-0.004
1315,0.45,0.47,vertical,0
1315,0.47,0.49,vertical,-0.017
1315,0.49,0.51,vertical,-0.016
1316,0.37,0.39,easting,0.579
1316,0.39,0.41,easting,0.34
1316,0.41,0.43,easting,-0.167
1316,0.43,0.45,easting,0.178
1316,0.45,0.47,easting,0.139
1316,0.47,0.49,easting,0.121
1316,0.49,0.51,easting,0.126
1316,0.51,0.53,easting,0.173
1316,0.37,0.39,northing,-0.014
1316,0.39,0.41,northing,-0.051
1316,0.41,0.43,northing,0.026
1316,0.43,0.45,northing,-0.058
1316,0.45,0.47,northing,-0.062
1316,0.47,0.49,northing,-0.002
1316,0.49,0.51,northing,-0.017
1316,0.51,0.53,northing,0.027
1316,0.37,0.39,vertical,-0.102
1316,0.39,0.41,vertical,-0.005
1316,0.41,0.43,vertical,-0.079
1316,0.43,0.45,vertical,-0.037
1316,0.45,0.47,vertical,-0.035
1316,0.47,0.49,vertical,-0.029
1316,0.49,0.51,vertical,-0.037
1316,0.51,0.53,vertical,-0.027
1317,0.37,0.39,easting,-0.004
1317,0.39,0.41,easting,-0.062
1317,0.41,0.43,easting,-0.024
1317,0.43,0.45,easting,-0.018
1317,0.45,0.47,easting,0.027
1317,0.47,0.49,easting,-0.029
1317,0.49,0.51,easting,-0.015
1317,0.51,0.53,easting,-0.018
1317,0.53,0.55,easting,-0.001
1317,0.37,0.39,northing,-0.051
1317,0.39,0.41,northing,0.042
1317,0.41,0.43,northing,0.032
1317,0.43,0.45,northing,0.007
1317,0.45,0.47,northing,0.026
1317,0.47,0.49,northing,0.021
1317,0.49,0.51,northing,0.021
1317,0.51,0.53,northing,0.03
1317,0.53,0.55,northing,-0.008
1317,0.37,0.39,vertical,-0.016
1317,0.39,0.41,vertical,-0.028
1317,0.41,0.43,vertical,-0.026
1317,0.43,0.45,vertical,-0.03
1317,0.45,0.47,vertical,-0.019
1317,0.47,0.49,vertical,-0.035
1317,0.49,0.51,vertical,-0.019
1317,0.51,0.53,vertical,-0.014
1317,0.53,0.55,vertical,-0.014
1318,0.37,0.39,easting,0.102
1318,0.39,0.41,easting,0.113
1318,0.41,0.43,easting,0.073
1318,0.43,0.45,easting,0.043
1318,0.45,0.47,easting,0.061
1318,0.47,0.49,easting,0.09
1318,0.49,0.51,easting,0.057
1318,0.51,0.53,easting,0.048
1318,0.53,0.55,easting,0.043
1318,0.55,0.57,easting,0.089
1318,0.37,0.39,northing,0.001
1318,0.39,0.41,northing,-0.028
1318,0.41,0.43,northing,0.002
1318,0.43,0.45,northing,-0.024
1318,0.45,0.47,northing,0.002
1318,0.47,0.49,northing,-0.025
1318,0.49,0.51,northing,-0.011
1318,0.51,0.53,northing,0.009
1318,0.53,0.55,northing,-0.022
1318,0.55,0.57,northing,0.017
1318,0.37,0.39,vertical,-0.022
1318,0.39,0.41,vertical,-0.008
1318,0.41,0.43,vertical,-0.019
1318,0.43,0.45,vertical,-0.009
1318,0.45,0.47,vertical,-0.02
1318,0.47,0.49,vertical,-0.024
1318,0.49,0.51,vertical,-0.023
1318,0.51,0.53,vertical,-0.017
1318,0.53,0.55,vertical,-0.013
1318,0.55,0.57,vertical,-0.019
1319,0.37,0.39,easting,0.036
1319,0.39,0.41,easting,0.018
1319,0.41,0.43,easting,0.045
1319,0.43,0.45,easting,0.03
1319,0.45,0.47,easting,0.028
1319,0.47,0.49,easting,-0.005
1319,0.49,0.51,easting,0.014
1319,0.51,0.53,easting,0.017
1319,0.53,0.55,easting,0.029
1319,0.55,0.57,easting,0.021
1319,0.57,0.59,easting,0.033
1319,0.37,0.39,northing,-0.044
1319,0.39,0.41,northing,-0.047
1319,0.41,0.43,northing,-0.043
1319,0.43,0.45,northing,-0.013
1319,0.45,0.47,northing,0.013
1319,0.47,0.49,northing,-0.036
1319,0.49,0.51,northing,-0.001
1319,0.51,0.53,northing,-0.001
1319,0.53,0.55,northing,0.01
1319,0.55,0.57,northing,-0.012
1319,0.57,0.59,northing,0.016
1319,0.37,0.39,vertical,-0.024
1319,0.39,0.41,vertical,-0.023
1319,0.41,0.43,vertical,-0.028
1319,0.43,0.45,vertical,-0.021
1319,0.45,0.47,vertical,-0.026
1319,0.47,0.49,vertical,-0.02
1319,0.49,0.51,vertical,-0.008
1319,0.51,0.53,vertical,-0.019
1319,0.53,0.55,vertical,-0.018
1319,0.55,0.57,vertical,-0.02
1319,0.57,0.59,vertical,-0.016
1320,0.37,0.39,easting,0.105
1320,0.39,0.41,easting,0.097
1320,0.41,0.43,easting,0.022
1320,0.43,0.45,easting,0.092
1320,0.45,0.47,easting,0.084
1320,0.47,0.49,easting,0.049
1320,0.49,0.51,easting,0.063
1320,0.51,0.53,easting,0.072
1320,0.53,0.55,easting,0.095
1320,0.55,0.57,easting,0.076
1320,0.57,0.59,easting,0.107
1320,0.59,0.61,easting,0.101
1320,0.61,0.63,easting,0.098
1320,0.37,0.39,northing,0.012
1320,0.39,0.41,northing,0.009
1320,0.41,0.43,northing,-0.039
1320,0.43,0.45,northing,0.007
1320,0.45,0.47,northing,-0.007
1320,0.47,0.49,northing,-0.032
1320,0.49,0.51,northing,-0.018
1320,0.51,0.53,northing,-0.056
1320,0.53,0.55,northing,-0.033
1320,0.55,0.57,northing,-0.033
1320,0.57,0.59,northing,-0.004
1320,0.59,0.61,northing,-0.015
1320,0.61,0.63,northing,-0.028
1320,0.37,0.39,vertical,-0.019
1320,0.39,0.41,vertical,-0.012
1320,0.41,0.43,vertical,-0.009
1320,0.43,0.45,vertical,-0.016
1320,0.45,0.47,vertical,-0.012
1320,0.47,0.49,vertical,-0.023
1320,0.49,0.51,vertical,-0.004
1320,0.51,0.53,vertical,0
1320,0.53,0.55,vertical,-0.001
1320,0.55,0.57,vertical,-0.001
1320,0.57,0.59,vertical,-0.005
1320,0.59,0.61,vertical,-0.002
1320,0.61,0.63,vertical,0.002
1321,0.37,0.39,easting,-0.028
1321,0.39,0.41,easting,-0.051
1321,0.41,0.43,easting,-0.041
1321,0.43,0.45,easting,-0.062
1321,0.45,0.47,easting,-0.061
1321,0.47,0.49,easting,-0.048
1321,0.49,0.51,easting,-0.018
1321,0.51,0.53,easting,-0.021
1321,0.53,0.55,easting,-0.009
1321,0.55,0.57,easting,-0.036
1321,0.57,0.59,easting,0.001
1321,0.59,0.61,easting,-0.001
1321,0.61,0.63,easting,0.014
1321,0.63,0.65,easting,0.018
1321,0.37,0.39,northing,-0.089
1321,0.39,0.41,northing,-0.024
1321,0.41,0.43,northing,-0.037
1321,0.43,0.45,northing,-0.04
1321,0.45,0.47,northing,-0.039
1321,0.47,0.49,northing,-0.023
1321,0.49,0.51,northing,-0.008
1321,0.51,0.53,northing,-0.001
1321,0.53,0.55,northing,-0.012
1321,0.55,0.57,northing,-0.003
1321,0.57,0.59,northing,-0.01
1321,0.59,0.61,northing,-0.027
1321,0.61,0.63,northing,-0.017
1321,0.63,0.65,northing,-0.018
1321,0.37,0.39,vertical,-0.008
1321,0.39,0.41,vertical,-0.014
1321,0.41,0.43,vertical,-0.006
1321,0.43,0.45,vertical,-0.009
1321,0.45,0.47,vertical,-0.012
1321,0.47,0.49,vertical,-0.011
1321,0.49,0.51,vertical,-0.013
1321,0.51,0.53,vertical,-0.017
1321,0.53,0.55,vertical,-0.018
1321,0.55,0.57,vertical,-0.019
1321,0.57,0.59,vertical,-0.016
1321,0.59,0.61,vertical,-0.011
1321,0.61,0.63,vertical,-0.01
1321,0.63,0.65,vertical,-0.008
1322,0.37,0.39,easting,0.033
1322,0.39,0.41,easting,-0.007
1322,0.41,0.43,easting,-0.005
1322,0.43,0.45,easting,0.012
1322,0.45,0.47,easting,0.011
1322,0.47,0.49,easting,0.017
1322,0.49,0.51,easting,0.018
1322,0.51,0.53,easting,0
1322,0.53,0.55,easting,0.002
1322,0.55,0.57,easting,0.002
1322,0.57,0.59,easting,0.032
1322,0.59,0.61,easting,0.007
1322,0.61,0.63,easting,-0.009
1322,0.63,0.65,easting,0.042
1322,0.65,0.67,easting,0.041
1322,0.37,0.39,northing,-0.255
1322,0.39,0.41,northing,-0.218
1322,0.41,0.43,northing,-0.211
1322,0.43,0.45,northing,-0.195
1322,0.45,0.47,northing,-0.191
1322,0.47,0.49,northing,-0.146
1322,0.49,0.51,northing,-0.152
1322,0.51,0.53,northing,-0.142
1322,0.53,0.55,northing,-0.135
1322,0.55,0.57,northing,-0.12
1322,0.57,0.59,northing,-0.143
1322,0.59,0.61,northing,-0.165
1322,0.61,0.63,northing,-0.169
1322,0.63,0.65,northing,-0.167
1322,0.65,0.67,northing,-0.168
1322,0.37,0.39,vertical,0.044
1322,0.39,0.41,vertical,0.046
1322,0.41,0.43,vertical,0.052
1322,0.43,0.45,vertical,0.049
1322,0.45,0.47,vertical,0.053
1322,0.47,0.49,vertical,0.044
1322,0.49,0.51,vertical,0.042
1322,0.51,0.53,vertical,0.037
1322,0.53,0.55,vertical,0.036
1322,0.55,0.57,vertical,0.037
1322,0.57,0.59,vertical,0.046
1322,0.59,0.61,vertical,0.04
1322,0.61,0.63,vertical,0.047
1322,0.63,0.65,vertical,0.045
1322,0.65,0.67,vertical,0.042
1323,0.41,0.43,easting,0.025
1323,0.43,0.45,easting,0.046
1323,0.45,0.47,easting,0.029
1323,0.47,0.49,easting,0.026
1323,0.49,0.51,easting,0.036
1323,0.51,0.53,easting,0.035
1323,0.53,0.55,easting,0.043
1323,0.55,0.57,easting,0.041
1323,0.57,0.59,easting,0.02
1323,0.59,0.61,easting,0.035
1323,0.61,0.63,easting,0.029
1323,0.63,0.65,easting,0.029
1323,0.65,0.67,easting,0.055
1323,0.67,0.69,easting,0.074
1323,0.69,0.71,easting,0.062
1323,0.71,0.73,easting,0.008
1323,0.41,0.43,northing,1.311
1323,0.43,0.45,northing,1.336
1323,0.45,0.47,northing,1.283
1323,0.47,0.49,northing,1.282
1323,0.49,0.51,northing,1.296
1323,0.51,0.53,northing,1.3
1323,0.53,0.55,northing,1.29
1323,0.55,0.57,northing,1.315
1323,0.57,0.59,northing,1.305
1323,0.59,0.61,northing,1.35
1323,0.61,0.63,northing,1.292
1323,0.63,0.65,northing,1.27
1323,0.65,0.67,northing,1.316
1323,0.67,0.69,northing,1.305
1323,0.69,0.71,northing,1.295
1323,0.71,0.73,northing,-0.115
1323,0.41,0.43,vertical,-0.39
1323,0.43,0.45,vertical,-0.398
1323,0.45,0.47,vertical,-0.376
1323,0.47,0.49,vertical,-0.378
1323,0.49,0.51,vertical,-0.384
1323,0.51,0.53,vertical,-0.384
1323,0.53,0.55,vertical,-0.38
1323,0.55,0.57,vertical,-0.378
1323,0.57,0.59,vertical,-0.383
1323,0.59,0.61,vertical,-0.402
1323,0.61,0.63,vertical,-0.388
1323,0.63,0.65,vertical,-0.381
1323,0.65,0.67,vertical,-0.399
1323,0.67,0.69,vertical,-0.392
1323,0.69,0.71,vertical,-0.392
1323,0.71,0.73,vertical,-0.004
1324,0.51,0.57,easting,0.009
1324,0.57,0.63,easting,-0.172
1324,0.51,0.57,northing,-0.642
1324,0.57,0.63,northing,-0.418
1324,0.51,0.57,vertical,0.063
1324,0.57,0.63,vertical,0.008
1326,0.51,0.57,easting,0.104
1326,0.57,0.63,easting,0.535
1326,0.63,0.69,easting,0.276
1326,0.51,0.57,northing,-0.383
1326,0.57,0.63,northing,-0.16
1326,0.63,0.69,northing,-0.348
1326,0.51,0.57,vertical,-0.06
1326,0.57,0.63,vertical,-0.117
1326,0.63,0.69,vertical,0.084
1327,0.45,0.54,easting,0.329
1327,0.45,0.54,northing,-0.183
1327,0.45,0.54,vertical,0.124
1328,0.45,0.54,easting,-0.265
1328,0.45,0.54,northing,0.093
1328,0.45,0.54,vertical,-0.042
1329,0.45,0.51,easting,-0.234
1329,0.51,0.57,easting,-0.226
1329,0.57,0.63,easting,-0.025
1329,0.63,0.69,easting,-0.245
1329,0.69,0.75,easting,-0.182
1329,0.45,0.51,northing,-0.249
1329,0.51,0.57,northing,-0.13
1329,0.57,0.63,northing,0.045
1329,0.63,0.69,northing,-1.008
1329,0.69,0.75,northing,-0.308
1329,0.45,0.51,vertical,-0.003
1329,0.51,0.57,vertical,0.048
1329,0.57,0.63,vertical,0.059
1329,0.63,0.69,vertical,0.255
1329,0.69,0.75,vertical,0.051
1330,0.45,0.51,easting,0.113
1330,0.51,0.57,easting,-0.078
1330,0.57,0.63,easting,-0.082
1330,0.63,0.69,easting,-0.063
1330,0.69,0.75,easting,-0.045
1330,0.75,0.81,easting,-0.056
1330,0.45,0.51,northing,-0.078
1330,0.51,0.57,northing,-0.014
1330,0.57,0.63,northing,-0.02
1330,0.63,0.69,northing,-0.019
1330,0.69,0.75,northing,-0.003
1330,0.75,0.81,northing,-0.011
1330,0.45,0.51,vertical,0.01
1330,0.51,0.57,vertical,-0.01
1330,0.57,0.63,vertical,-0.012
1330,0.63,0.69,vertical,-0.008
1330,0.69,0.75,vertical,-0.008
1330,0.75,0.81,vertical,-0.01
1331,0.45,0.51,easting,-0.268
1331,0.51,0.57,easting,-0.06
1331,0.57,0.63,easting,-0.069
1331,0.63,0.69,easting,-0.064
1331,0.69,0.75,easting,-0.039
1331,0.75,0.81,easting,-0.008
1331,0.81,0.87,easting,-0.004
1331,0.45,0.51,northing,-0.047
1331,0.51,0.57,northing,-0.037
1331,0.57,0.63,northing,-0.024
1331,0.63,0.69,northing,-0.017
1331,0.69,0.75,northing,-0.017
1331,0.75,0.81,northing,-0.016
1331,0.81,0.87,northing,-0.026
1331,0.45,0.51,vertical,-0.002
1331,0.51,0.57,vertical,-0.011
1331,0.57,0.63,vertical,-0.015
1331,0.63,0.69,vertical,-0.013
1331,0.69,0.75,vertical,-0.012
1331,0.75,0.81,vertical,-0.016
1331,0.81,0.87,vertical,-0.01
1332,0.45,0.51,easting,-0.057
1332,0.51,0.57,easting,-0.061
1332,0.57,0.63,easting,-0.05
1332,0.63,0.69,easting,-0.056
1332,0.69,0.75,easting,-0.025
1332,0.75,0.81,easting,-0.008
1332,0.81,0.87,easting,0.012
1332,0.45,0.51,northing,0.221
1332,0.51,0.57,northing,-0.043
1332,0.57,0.63,northing,-0.036
1332,0.63,0.69,northing,-0.032
1332,0.69,0.75,northing,-0.025
1332,0.75,0.81,northing,-0.02
1332,0.81,0.87,northing,-0.033
1332,0.45,0.51,vertical,-0.071
1332,0.51,0.57,vertical,-0.01
1332,0.57,0.63,vertical,-0.008
1332,0.63,0.69,vertical,-0.006
1332,0.69,0.75,vertical,-0.008
1332,0.75,0.81,vertical,-0.012
1332,0.81,0.87,vertical,-0.009
1333,0.45,0.51,easting,0.031
1333,0.51,0.57,easting,-0.073
1333,0.57,0.63,easting,-0.069
1333,0.63,0.69,easting,-0.06
1333,0.69,0.75,easting,-0.044
1333,0.75,0.81,easting,-0.057
1333,0.81,0.87,easting,-0.042
1333,0.45,0.51,northing,-0.084
1333,0.51,0.57,northing,-0.059
1333,0.57,0.63,northing,-0.045
1333,0.63,0.69,northing,-0.038
1333,0.69,0.75,northing,-0.034
1333,0.75,0.81,northing,-0.021
1333,0.81,0.87,northing,-0.016
1333,0.45,0.51,vertical,-0.037
1333,0.51,0.57,vertical,-0.01
1333,0.57,0.63,vertical,-0.011
1333,0.63,0.69,vertical,-0.005
1333,0.69,0.75,vertical,-0.004
1333,0.75,0.81,vertical,-0.01
1333,0.81,0.87,vertical,-0.012
1334,0.45,0.51,easting,-0.112
1334,0.51,0.57,easting,-0.09
1334,0.57,0.63,easting,-0.084
1334,0.63,0.69,easting,-0.07
1334,0.69,0.75,easting,-0.072
1334,0.75,0.81,easting,-0.068
1334,0.81,0.87,easting,-0.048
1334,0.87,0.93,easting,-0.024
1334,0.45,0.51,northing,-0.077
1334,0.51,0.57,northing,-0.038
1334,0.57,0.63,northing,-0.019
1334,0.63,0.69,northing,-0.007
1334,0.69,0.75,northing,-0.009
1334,0.75,0.81,northing,-0.023
1334,0.81,0.87,northing,-0.033
1334,0.87,0.93,northing,-0.011
1334,0.45,0.51,vertical,-0.053
1334,0.51,0.57,vertical,-0.003
1334,0.57,0.63,vertical,-0.003
1334,0.63,0.69,vertical,-0.005
1334,0.69,0.75,vertical,-0.002
1334,0.75,0.81,vertical,-0.002
1334,0.81,0.87,vertical,0.006
1334,0.87,0.93,vertical,0.012
1335,0.45,0.51,easting,-0.123
1335,0.51,0.57,easting,-0.072
1335,0.57,0.63,easting,-0.069
1335,0.63,0.69,easting,-0.076
1335,0.69,0.75,easting,-0.069
1335,0.75,0.81,easting,-0.053
1335,0.81,0.87,easting,-0.003
1335,0.87,0.93,easting,-0.053
1335,0.45,0.51,northing,-0.08
1335,0.51,0.57,northing,-0.048
1335,0.57,0.63,northing,-0.054
1335,0.63,0.69,northing,-0.033
1335,0.69,0.75,northing,-0.034
1335,0.75,0.81,northing,-0.027
1335,0.81,0.87,northing,-0.039
1335,0.87,0.93,northing,-0.03
1335,0.45,0.51,vertical,-0.027
1335,0.51,0.57,vertical,-0.016
1335,0.57,0.63,vertical,-0.012
1335,0.63,0.69,vertical,-0.01
1335,0.69,0.75,vertical,-0.01
1335,0.75,0.81,vertical,-0.008
1335,0.81,0.87,vertical,0.002
1335,0.87,0.93,vertical,-0.009
1336,0.45,0.51,easting,-0.095
1336,0.51,0.57,easting,-0.08
1336,0.57,0.63,easting,-0.085
1336,0.63,0.69,easting,-0.079
1336,0.69,0.75,easting,-0.078
1336,0.75,0.81,easting,-0.085
1336,0.81,0.87,easting,-0.075
1336,0.87,0.93,easting,-0.063
1336,0.93,0.99,easting,-0.044
1336,0.45,0.51,northing,0.021
1336,0.51,0.57,northing,-0.067
1336,0.57,0.63,northing,-0.057
1336,0.63,0.69,northing,-0.042
1336,0.69,0.75,northing,-0.045
1336,0.75,0.81,northing,-0.049
1336,0.81,0.87,northing,-0.057
1336,0.87,0.93,northing,-0.059
1336,0.93,0.99,northing,-0.04
1336,0.45,0.51,vertical,-0.034
1336,0.51,0.57,vertical,-0.015
1336,0.57,0.63,vertical,-0.014
1336,0.63,0.69,vertical,-0.012
1336,0.69,0.75,vertical,-0.008
1336,0.75,0.81,vertical,-0.007
1336,0.81,0.87,vertical,-0.005
1336,0.87,0.93,vertical,-0.001
1336,0.93,0.99,vertical,-0.003
1337,0.45,0.51,easting,-0.138
1337,0.51,0.57,easting,-0.064
1337,0.57,0.63,easting,-0.085
1337,0.63,0.69,easting,-0.082
1337,0.69,0.75,easting,-0.087
1337,0.75,0.81,easting,-0.09
1337,0.81,0.87,easting,-0.071
1337,0.87,0.93,easting,-0.055
1337,0.93,0.99,easting,-0.05
1337,0.99,1.05,easting,-0.055
1337,0.45,0.51,northing,-0.047
1337,0.51,0.57,northing,-0.053
1337,0.57,0.63,northing,-0.049
1337,0.63,0.69,northing,-0.039
1337,0.69,0.75,northing,-0.045
1337,0.75,0.81,northing,-0.034
1337,0.81,0.87,northing,-0.033
1337,0.87,0.93,northing,-0.038
1337,0.93,0.99,northing,-0.033
1337,0.99,1.05,northing,-0.026
1337,0.45,0.51,vertical,-0.012
1337,0.51,0.57,vertical,-0.016
1337,0.57,0.63,vertical,-0.008
1337,0.63,0.69,vertical,-0.01
1337,0.69,0.75,vertical,-0.005
1337,0.75,0.81,vertical,-0.005
1337,0.81,0.87,vertical,0.002
1337,0.87,0.93,vertical,0.001
1337,0.93,0.99,vertical,0.001
1337,0.99,1.05,vertical,0.001
1338,0.45,0.51,easting,-0.09
1338,0.51,0.57,easting,-0.083
1338,0.57,0.63,easting,-0.085
1338,0.63,0.69,easting,-0.099
1338,0.69,0.75,easting,-0.069
1338,0.75,0.81,easting,-0.076
1338,0.81,0.87,easting,-0.068
1338,0.87,0.93,easting,-0.062
1338,0.93,0.99,easting,-0.056
1338,0.99,1.05,easting,-0.049
1338,1.05,1.11,easting,-0.045
1338,0.45,0.51,northing,-0.032
1338,0.51,0.57,northing,-0.048
1338,0.57,0.63,northing,-0.037
1338,0.63,0.69,northing,-0.041
1338,0.69,0.75,northing,-0.039
1338,0.75,0.81,northing,-0.031
1338,0.81,0.87,northing,-0.026
1338,0.87,0.93,northing,-0.028
1338,0.93,0.99,northing,-0.025
1338,0.99,1.05,northing,-0.035
1338,1.05,1.11,northing,-0.02
1338,0.45,0.51,vertical,0.01
1338,0.51,0.57,vertical,-0.015
1338,0.57,0.63,vertical,-0.012
1338,0.63,0.69,vertical,-0.016
1338,0.69,0.75,vertical,-0.01
1338,0.75,0.81,vertical,-0.008
1338,0.81,0.87,vertical,-0.004
1338,0.87,0.93,vertical,-0.003
1338,0.93,0.99,vertical,-0.002
1338,0.99,1.05,vertical,-0.001
1338,1.05,1.11,vertical,-0.008
1339,0.45,0.51,easting,-0.096
1339,0.51,0.57,easting,-0.082
1339,0.57,0.63,easting,-0.083
1339,0.63,0.69,easting,-0.075
1339,0.69,0.75,easting,-0.076
1339,0.75,0.81,easting,-0.07
1339,0.81,0.87,easting,-0.075
1339,0.87,0.93,easting,-0.062
1339,0.93,0.99,easting,-0.068
1339,0.99,1.05,easting,-0.042
1339,1.05,1.11,easting,-0.053
1339,1.11,1.17,easting,-0.052
1339,0.45,0.51,northing,-0.039
1339,0.51,0.57,northing,-0.054
1339,0.57,0.63,northing,-0.052
1339,0.63,0.69,northing,-0.049
1339,0.69,0.75,northing,-0.047
1339,0.75,0.81,northing,-0.041
1339,0.81,0.87,northing,-0.047
1339,0.87,0.93,northing,-0.043
1339,0.93,0.99,northing,-0.041
1339,0.99,1.05,northing,-0.04
1339,1.05,1.11,northing,-0.029
1339,1.11,1.17,northing,-0.035
1339,0.45,0.51,vertical,0.005
1339,0.51,0.57,vertical,-0.014
1339,0.57,0.63,vertical,-0.012
1339,0.63,0.69,vertical,-0.008
1339,0.69,0.75,vertical,-0.008
1339,0.75,0.81,vertical,-0.005
1339,0.81,0.87,vertical,-0.002
1339,0.87,0.93,vertical,-0.004
1339,0.93,0.99,vertical,-0.001
1339,0.99,1.05,vertical,0.005
1339,1.05,1.11,vertical,0.002
1339,1.11,1.17,vertical,-0.001
1340,0.45,0.51,easting,-0.021
1340,0.51,0.57,easting,-0.105
1340,0.57,0.63,easting,-0.083
1340,0.63,0.69,easting,-0.095
1340,0.69,0.75,easting,-0.083
1340,0.75,0.81,easting,-0.07
1340,0.81,0.87,easting,-0.079
1340,0.87,0.93,easting,-0.066
1340,0.93,0.99,easting,-0.062
1340,0.99,1.05,easting,-0.07
1340,1.05,1.11,easting,-0.056
1340,1.11,1.17,easting,-0.062
1340,1.17,1.23,easting,-0.059
1340,1.23,1.29,easting,-0.041
1340,0.45,0.51,northing,-0.19
1340,0.51,0.57,northing,-0.051
1340,0.57,0.63,northing,-0.023
1340,0.63,0.69,northing,-0.039
1340,0.69,0.75,northing,-0.032
1340,0.75,0.81,northing,-0.028
1340,0.81,0.87,northing,-0.014
1340,0.87,0.93,northing,-0.03
1340,0.93,0.99,northing,-0.027
1340,0.99,1.05,northing,-0.024
1340,1.05,1.11,northing,-0.022
1340,1.11,1.17,northing,-0.022
1340,1.17,1.23,northing,-0.035
1340,1.23,1.29,northing,-0.032
1340,0.45,0.51,vertical,0.017
1340,0.51,0.57,vertical,-0.021
1340,0.57,0.63,vertical,-0.016
1340,0.63,0.69,vertical,-0.016
1340,0.69,0.75,vertical,-0.013
1340,0.75,0.81,vertical,-0.01
1340,0.81,0.87,vertical,-0.008
1340,0.87,0.93,vertical,-0.006
1340,0.93,0.99,vertical,-0.005
1340,0.99,1.05,vertical,-0.006
1340,1.05,1.11,vertical,-0.006
1340,1.11,1.17,vertical,-0.002
1340,1.17,1.23,vertical,-0.001
1340,1.23,1.29,vertical,0.002
1341,0.45,0.51,easting,-0.019
1341,0.51,0.57,easting,-0.083
1341,0.57,0.63,easting,-0.098
1341,0.63,0.69,easting,-0.094
1341,0.69,0.75,easting,-0.091
1341,0.75,0.81,easting,-0.088
1341,0.81,0.87,easting,-0.092
1341,0.87,0.93,easting,-0.088
1341,0.93,0.99,easting,-0.079
1341,0.99,1.05,easting,-0.082
1341,1.05,1.11,easting,-0.075
1341,1.11,1.17,easting,-0.066
1341,1.17,1.23,easting,-0.056
1341,1.23,1.29,easting,-0.069
1341,1.29,1.35,easting,-0.058
1341,0.45,0.51,northing,0.016
1341,0.51,0.57,northing,-0.076
1341,0.57,0.63,northing,-0.047
1341,0.63,0.69,northing,-0.057
1341,0.69,0.75,northing,-0.053
1341,0.75,0.81,northing,-0.043
1341,0.81,0.87,northing,-0.043
1341,0.87,0.93,northing,-0.038
1341,0.93,0.99,northing,-0.04
1341,0.99,1.05,northing,-0.036
1341,1.05,1.11,northing,-0.044
1341,1.11,1.17,northing,-0.038
1341,1.17,1.23,northing,-0.047
1341,1.23,1.29,northing,-0.036
1341,1.29,1.35,northing,-0.048
1341,0.45,0.51,vertical,-0.033
1341,0.51,0.57,vertical,-0.02
1341,0.57,0.63,vertical,-0.021
1341,0.63,0.69,vertical,-0.015
1341,0.69,0.75,vertical,-0.013
1341,0.75,0.81,vertical,-0.012
1341,0.81,0.87,vertical,-0.011
1341,0.87,0.93,vertical,-0.009
1341,0.93,0.99,vertical,-0.006
1341,0.99,1.05,vertical,-0.009
1341,1.05,1.11,vertical,-0.006
1341,1.11,1.17,vertical,-0.002
1341,1.17,1.23,vertical,0
1341,1.23,1.29,vertical,-0.001
1341,1.29,1.35,vertical,0
1342,0.45,0.51,easting,-0.214
1342,0.51,0.57,easting,-0.108
1342,0.57,0.63,easting,-0.116
1342,0.63,0.69,easting,-0.103
1342,0.69,0.75,easting,-0.113
1342,0.75,0.81,easting,-0.109
1342,0.81,0.87,easting,-0.1
1342,0.87,0.93,easting,-0.103
1342,0.93,0.99,easting,-0.11
1342,0.99,1.05,easting,-0.098
1342,1.05,1.11,easting,-0.091
1342,1.11,1.17,easting,-0.097
1342,1.17,1.23,easting,-0.093
1342,1.23,1.29,easting,-0.079
1342,1.29,1.35,easting,-0.079
1342,1.35,1.41,easting,-0.084
1342,1.41,1.47,easting,-0.062
1342,0.45,0.51,northing,-0.196
1342,0.51,0.57,northing,-0.039
1342,0.57,0.63,northing,-0.04
1342,0.63,0.69,northing,-0.028
1342,0.69,0.75,northing,-0.037
1342,0.75,0.81,northing,-0.035
1342,0.81,0.87,northing,-0.044
1342,0.87,0.93,northing,-0.032
1342,0.93,0.99,northing,-0.03
1342,0.99,1.05,northing,-0.025
1342,1.05,1.11,northing,-0.025
1342,1.11,1.17,northing,-0.027
1342,1.17,1.23,northing,-0.027
1342,1.23,1.29,northing,-0.025
1342,1.29,1.35,northing,-0.016
1342,1.35,1.41,northing,-0.027
1342,1.41,1.47,northing,-0.026
1342,0.45,0.51,vertical,0.049
1342,0.51,0.57,vertical,-0.014
1342,0.57,0.63,vertical,-0.012
1342,0.63,0.69,vertical,-0.009
1342,0.69,0.75,vertical,-0.007
1342,0.75,0.81,vertical,-0.009
1342,0.81,0.87,vertical,-0.004
1342,0.87,0.93,vertical,-0.003
1342,0.93,0.99,vertical,-0.004
1342,0.99,1.05,vertical,-0.003
1342,1.05,1.11,vertical,-0.002
1342,1.11,1.17,vertical,-0.001
1342,1.17,1.23,vertical,-0.001
1342,1.23,1.29,vertical,-0.002
1342,1.29,1.35,vertical,-0.002
1342,1.35,1.41,vertical,0
1342,1.41,1.47,vertical,0.003
1343,0.45,0.51,easting,-0.079
1343,0.51,0.57,easting,-0.102
1343,0.57,0.63,easting,-0.114
1343,0.63,0.69,easting,-0.118
1343,0.69,0.75,easting,-0.102
1343,0.75,0.81,easting,-0.105
1343,0.81,0.87,easting,-0.102
1343,0.87,0.93,easting,-0.098
1343,0.93,0.99,easting,-0.096
1343,0.99,1.05,easting,-0.105
1343,1.05,1.11,easting,-0.101
1343,1.11,1.17,easting,-0.089
1343,1.17,1.23,easting,-0.088
1343,1.23,1.29,easting,-0.086
1343,1.29,1.35,easting,-0.089
1343,1.35,1.41,easting,-0.075
1343,1.41,1.47,easting,-0.069
1343,1.47,1.53,easting,-0.067
1343,1.53,1.59,easting,-0.061
1343,0.45,0.51,northing,-0.099
1343,0.51,0.57,northing,-0.047
1343,0.57,0.63,northing,-0.044
1343,0.63,0.69,northing,-0.051
1343,0.69,0.75,northing,-0.04
1343,0.75,0.81,northing,-0.045
1343,0.81,0.87,northing,-0.042
1343,0.87,0.93,northing,-0.048
1343,0.93,0.99,northing,-0.051
1343,0.99,1.05,northing,-0.039
1343,1.05,1.11,northing,-0.038
1343,1.11,1.17,northing,-0.037
1343,1.17,1.23,northing,-0.028
1343,1.23,1.29,northing,-0.039
1343,1.29,1.35,northing,-0.035
1343,1.35,1.41,northing,-0.026
1343,1.41,1.47,northing,-0.021
1343,1.47,1.53,northing,-0.024
1343,1.53,1.59,northing,-0.027
1343,0.45,0.51,vertical,-0.027
1343,0.51,0.57,vertical,-0.026
1343,0.57,0.63,vertical,-0.024
1343,0.63,0.69,vertical,-0.024
1343,0.69,0.75,vertical,-0.023
1343,0.75,0.81,vertical,-0.023
1343,0.81,0.87,vertical,-0.022
1343,0.87,0.93,vertical,-0.021
1343,0.93,0.99,vertical,-0.017
1343,0.99,1.05,vertical,-0.019
1343,1.05,1.11,vertical,-0.019
1343,1.11,1.17,vertical,-0.014
1343,1.17,1.23,vertical,-0.011
1343,1.23,1.29,vertical,-0.01
1343,1.29,1.35,vertical,-0.014
1343,1.35,1.41,vertical,-0.011
1343,1.41,1.47,vertical,-0.009
1343,1.47,1.53,vertical,-0.007
1343,1.53,1.59,vertical,-0.009
1344,0.45,0.51,easting,-0.002
1344,0.51,0.57,easting,-0.085
1344,0.57,0.63,easting,-0.092
1344,0.63,0.69,easting,-0.096
1344,0.69,0.75,easting,-0.098
1344,0.75,0.81,easting,-0.094
1344,0.81,0.87,easting,-0.095
1344,0.87,0.93,easting,-0.098
1344,0.93,0.99,easting,-0.092
1344,0.99,1.05,easting,-0.086
1344,1.05,1.11,easting,-0.079
1344,1.11,1.17,easting,-0.091
1344,1.17,1.23,easting,-0.073
1344,1.23,1.29,easting,-0.066
1344,1.29,1.35,easting,-0.069
1344,1.35,1.41,easting,-0.069
1344,1.41,1.47,easting,-0.069
1344,1.47,1.53,easting,-0.08
1344,1.53,1.59,easting,-0.067
1344,1.59,1.65,easting,-0.056
1344,0.45,0.51,northing,-0.096
1344,0.51,0.57,northing,-0.031
1344,0.57,0.63,northing,-0.033
1344,0.63,0.69,northing,-0.033
1344,0.69,0.75,northing,-0.034
1344,0.75,0.81,northing,-0.044
1344,0.81,0.87,northing,-0.031
1344,0.87,0.93,northing,-0.032
1344,0.93,0.99,northing,-0.031
1344,0.99,1.05,northing,-0.031
1344,1.05,1.11,northing,-0.037
1344,1.11,1.17,northing,-0.036
1344,1.17,1.23,northing,-0.037
1344,1.23,1.29,northing,-0.027
1344,1.29,1.35,northing,-0.024
1344,1.35,1.41,northing,-0.026
1344,1.41,1.47,northing,-0.021
1344,1.47,1.53,northing,-0.018
1344,1.53,1.59,northing,-0.014
1344,1.59,1.65,northing,-0.02
1344,0.45,0.51,vertical,-0.003
1344,0.51,0.57,vertical,-0.026
1344,0.57,0.63,vertical,-0.024
1344,0.63,0.69,vertical,-0.022
1344,0.69,0.75,vertical,-0.019
1344,0.75,0.81,vertical,-0.021
1344,0.81,0.87,vertical,-0.02
1344,0.87,0.93,vertical,-0.02
1344,0.93,0.99,vertical,-0.019
1344,0.99,1.05,vertical,-0.018
1344,1.05,1.11,vertical,-0.012
1344,1.11,1.17,vertical,-0.016
1344,1.17,1.23,vertical,-0.012
1344,1.23,1.29,vertical,-0.01
1344,1.29,1.35,vertical,-0.012
1344,1.35,1.41,vertical,-0.009
1344,1.41,1.47,vertical,-0.012
1344,1.47,1.53,vertical,-0.012
1344,1.53,1.59,vertical,-0.008
1344,1.59,1.65,vertical,-0.01
1345,0.42,0.54,easting,-0.108
1345,0.54,0.66,easting,-0.101
1345,0.66,0.78,easting,-0.105
1345,0.78,0.9,easting,-0.113
1345,0.9,1.02,easting,-0.098
1345,1.02,1.14,easting,-0.094
1345,1.14,1.26,easting,-0.1
1345,1.26,1.38,easting,-0.081
1345,1.38,1.5,easting,-0.063
1345,1.5,1.62,easting,-0.05
1345,0.42,0.54,northing,-0.054
1345,0.54,0.66,northing,-0.027
1345,0.66,0.78,northing,-0.029
1345,0.78,0.9,northing,-0.031
1345,0.9,1.02,northing,-0.033
1345,1.02,1.14,northing,-0.043
1345,1.14,1.26,northing,-0.028
1345,1.26,1.38,northing,-0.029
1345,1.38,1.5,northing,-0.029
1345,1.5,1.62,northing,-0.02
1345,0.42,0.54,vertical,-0.017
1345,0.54,0.66,vertical,-0.017
1345,0.66,0.78,vertical,-0.015
1345,0.78,0.9,vertical,-0.013
1345,0.9,1.02,vertical,-0.011
1345,1.02,1.14,vertical,-0.008
1345,1.14,1.26,vertical,-0.007
1345,1.26,1.38,vertical,-0.005
1345,1.38,1.5,vertical,-0.001
1345,1.5,1.62,vertical,0.001
1346,0.42,0.54,easting,-0.053
1346,0.54,0.66,easting,-0.105
1346,0.66,0.78,easting,-0.105
1346,0.78,0.9,easting,-0.095
1346,0.9,1.02,easting,-0.098
1346,1.02,1.14,easting,-0.089
1346,1.14,1.26,easting,-0.092
1346,1.26,1.38,easting,-0.082
1346,1.38,1.5,easting,-0.067
1346,1.5,1.62,easting,-0.059
1346,1.62,1.74,easting,-0.069
1346,0.42,0.54,northing,-0.007
1346,0.54,0.66,northing,-0.067
1346,0.66,0.78,northing,-0.035
1346,0.78,0.9,northing,-0.039
1346,0.9,1.02,northing,-0.045
1346,1.02,1.14,northing,-0.061
1346,1.14,1.26,northing,-0.046
1346,1.26,1.38,northing,-0.046
1346,1.38,1.5,northing,-0.044
1346,1.5,1.62,northing,-0.047
1346,1.62,1.74,northing,-0.047
1346,0.42,0.54,vertical,-0.035
1346,0.54,0.66,vertical,-0.018
1346,0.66,0.78,vertical,-0.023
1346,0.78,0.9,vertical,-0.019
1346,0.9,1.02,vertical,-0.02
1346,1.02,1.14,vertical,-0.016
1346,1.14,1.26,vertical,-0.014
1346,1.26,1.38,vertical,-0.012
1346,1.38,1.5,vertical,-0.008
1346,1.5,1.62,vertical,-0.006
1346,1.62,1.74,vertical,-0.009
1347,0.42,0.54,easting,-0.089
1347,0.54,0.66,easting,-0.121
1347,0.66,0.78,easting,-0.076
1347,0.78,0.9,easting,-0.077
1347,0.9,1.02,easting,-0.088
1347,1.02,1.14,easting,-0.086
1347,1.14,1.26,easting,-0.075
1347,1.26,1.38,easting,-0.069
1347,1.38,1.5,easting,-0.07
1347,1.5,1.62,easting,-0.056
1347,0.42,0.54,northing,-0.122
1347,0.54,0.66,northing,-0.009
1347,0.66,0.78,northing,-0.023
1347,0.78,0.9,northing,-0.039
1347,0.9,1.02,northing,-0.036
1347,1.02,1.14,northing,-0.05
1347,1.14,1.26,northing,-0.049
1347,1.26,1.38,northing,-0.056
1347,1.38,1.5,northing,-0.032
1347,1.5,1.62,northing,-0.036
1347,0.42,0.54,vertical,-0.052
1347,0.54,0.66,vertical,-0.033
1347,0.66,0.78,vertical,-0.024
1347,0.78,0.9,vertical,-0.018
1347,0.9,1.02,vertical,-0.017
1347,1.02,1.14,vertical,-0.016
1347,1.14,1.26,vertical,-0.014
1347,1.26,1.38,vertical,-0.011
1347,1.38,1.5,vertical,-0.009
1347,1.5,1.62,vertical,-0.01
1348,0.42,0.54,easting,-0.075
1348,0.54,0.66,easting,-0.07
1348,0.66,0.78,easting,-0.045
1348,0.78,0.9,easting,-0.057
1348,0.9,1.02,easting,-0.088
1348,1.02,1.14,easting,-0.102
1348,1.14,1.26,easting,-0.096
1348,1.26,1.38,easting,-0.09
1348,1.38,1.5,easting,-0.091
1348,1.5,1.62,easting,-0.096
1348,0.42,0.54,northing,0.005
1348,0.54,0.66,northing,-0.021
1348,0.66,0.78,northing,0.015
1348,0.78,0.9,northing,0.021
1348,0.9,1.02,northing,0.007
1348,1.02,1.14,northing,0.004
1348,1.14,1.26,northing,-0.012
1348,1.26,1.38,northing,-0.023
1348,1.38,1.5,northing,-0.018
1348,1.5,1.62,northing,-0.015
1348,0.42,0.54,vertical,-0.032
1348,0.54,0.66,vertical,-0.009
1348,0.66,0.78,vertical,-0.004
1348,0.78,0.9,vertical,-0.004
1348,0.9,1.02,vertical,-0.009
1348,1.02,1.14,vertical,-0.011
1348,1.14,1.26,vertical,-0.014
1348,1.26,1.38,vertical,-0.015
1348,1.38,1.5,vertical,-0.013
1348,1.5,1.62,vertical,-0.012
1349,0.42,0.54,easting,0.003
1349,0.54,0.66,easting,-0.026
1349,0.66,0.78,easting,-0.057
1349,0.78,0.9,easting,-0.056
1349,0.9,1.02,easting,-0.075
1349,1.02,1.14,easting,-0.064
1349,1.14,1.26,easting,-0.054
1349,1.26,1.38,easting,-0.073
1349,1.38,1.5,easting,-0.096
1349,1.5,1.62,easting,-0.079
1349,0.42,0.54,northing,-0.026
1349,0.54,0.66,northing,0.091
1349,0.66,0.78,northing,0.055
1349,0.78,0.9,northing,0.039
1349,0.9,1.02,northing,0.04
1349,1.02,1.14,northing,0.04
1349,1.14,1.26,northing,0.018
1349,1.26,1.38,northing,-0.005
1349,1.38,1.5,northing,-0.011
1349,1.5,1.62,northing,-0.009
1349,0.42,0.54,vertical,-0.016
1349,0.54,0.66,vertical,0.001
1349,0.66,0.78,vertical,0.009
1349,0.78,0.9,vertical,0.002
1349,0.9,1.02,vertical,-0.002
1349,1.02,1.14,vertical,-0.003
1349,1.14,1.26,vertical,-0.003
1349,1.26,1.38,vertical,-0.009
1349,1.38,1.5,vertical,-0.014
1349,1.5,1.62,vertical,-0.013
1350,0.42,0.54,easting,0.059
1350,0.54,0.66,easting,0.055
1350,0.66,0.78,easting,-0.03
1350,0.78,0.9,easting,-0.047
1350,0.9,1.02,easting,-0.057
1350,1.02,1.14,easting,-0.059
1350,1.14,1.26,easting,-0.069
1350,1.26,1.38,easting,-0.072
1350,1.38,1.5,easting,-0.089
1350,1.5,1.62,easting,-0.087
1350,0.42,0.54,northing,-0.078
1350,0.54,0.66,northing,-0.078
1350,0.66,0.78,northing,-0.062
1350,0.78,0.9,northing,-0.014
1350,0.9,1.02,northing,-0.025
1350,1.02,1.14,northing,-0.016
1350,1.14,1.26,northing,-0.03
1350,1.26,1.38,northing,-0.039
1350,1.38,1.5,northing,-0.046
1350,1.5,1.62,northing,-0.043
1350,0.42,0.54,vertical,0.018
1350,0.54,0.66,vertical,0.005
1350,0.66,0.78,vertical,0.007
1350,0.78,0.9,vertical,0.007
1350,0.9,1.02,vertical,0
1350,1.02,1.14,vertical,-0.007
1350,1.14,1.26,vertical,-0.009
1350,1.26,1.38,vertical,-0.009
1350,1.38,1.5,vertical,-0.01
1350,1.5,1.62,vertical,-0.008
1351,0.42,0.54,easting,-0.004
1351,0.54,0.66,easting,-0.126
1351,0.66,0.78,easting,-0.088
1351,0.78,0.9,easting,-0.104
1351,0.9,1.02,easting,-0.091
1351,1.02,1.14,easting,-0.1
1351,1.14,1.26,easting,-0.079
1351,1.26,1.38,easting,-0.052
1351,1.38,1.5,easting,-0.047
1351,1.5,1.62,easting,-0.059
1351,0.42,0.54,northing,0.014
1351,0.54,0.66,northing,0.009
1351,0.66,0.78,northing,-0.009
1351,0.78,0.9,northing,-0.013
1351,0.9,1.02,northing,-0.022
1351,1.02,1.14,northing,-0.017
1351,1.14,1.26,northing,-0.019
1351,1.26,1.38,northing,-0.016
1351,1.38,1.5,northing,-0.005
1351,1.5,1.62,northing,0.01
1351,0.42,0.54,vertical,-0.012
1351,0.54,0.66,vertical,-0.008
1351,0.66,0.78,vertical,-0.01
1351,0.78,0.9,vertical,-0.01
1351,0.9,1.02,vertical,-0.005
1351,1.02,1.14,vertical,-0.005
1351,1.14,1.26,vertical,-0.002
1351,1.26,1.38,vertical,0.004
1351,1.38,1.5,vertical,0.003
1351,1.5,1.62,vertical,0.007
1352,0.42,0.54,easting,-0.061
1352,0.54,0.66,easting,-0.114
1352,0.66,0.78,easting,-0.092
1352,0.78,0.9,easting,-0.1
1352,0.9,1.02,easting,-0.113
1352,1.02,1.14,easting,-0.116
1352,1.14,1.26,easting,-0.105
1352,1.26,1.38,easting,-0.089
1352,1.38,1.5,easting,-0.084
1352,1.5,1.62,easting,-0.064
1352,0.42,0.54,northing,-0.045
1352,0.54,0.66,northing,-0.062
1352,0.66,0.78,northing,-0.024
1352,0.78,0.9,northing,-0.019
1352,0.9,1.02,northing,-0.009
1352,1.02,1.14,northing,0.005
1352,1.14,1.26,northing,-0.003
1352,1.26,1.38,northing,-0.019
1352,1.38,1.5,northing,-0.021
1352,1.5,1.62,northing,-0.006
1352,0.42,0.54,vertical,-0.022
1352,0.54,0.66,vertical,-0.018
1352,0.66,0.78,vertical,-0.014
1352,0.78,0.9,vertical,-0.009
1352,0.9,1.02,vertical,-0.009
1352,1.02,1.14,vertical,-0.007
1352,1.14,1.26,vertical,-0.008
1352,1.26,1.38,vertical,-0.006
1352,1.38,1.5,vertical,-0.006
1352,1.5,1.62,vertical,0.007
1353,0.42,0.54,easting,-0.012
1353,0.54,0.66,easting,-0.056
1353,0.66,0.78,easting,-0.054
1353,0.78,0.9,easting,-0.062
1353,0.9,1.02,easting,-0.045
1353,1.02,1.14,easting,-0.034
1353,1.14,1.26,easting,-0.014
1353,1.26,1.38,easting,-0.001
1353,1.38,1.5,easting,-0.032
1353,1.5,1.62,easting,-0.052
1353,0.42,0.54,northing,-0.051
1353,0.54,0.66,northing,-0.031
1353,0.66,0.78,northing,-0.031
1353,0.78,0.9,northing,-0.029
1353,0.9,1.02,northing,-0.041
1353,1.02,1.14,northing,-0.035
1353,1.14,1.26,northing,-0.034
1353,1.26,1.38,northing,-0.024
1353,1.38,1.5,northing,0.012
1353,1.5,1.62,northing,0.01
1353,0.42,0.54,vertical,-0.012
1353,0.54,0.66,vertical,-0.009
1353,0.66,0.78,vertical,-0.004
1353,0.78,0.9,vertical,0.001
1353,0.9,1.02,vertical,0.01
1353,1.02,1.14,vertical,0.013
1353,1.14,1.26,vertical,0.017
1353,1.26,1.38,vertical,0.015
1353,1.38,1.5,vertical,0.006
1353,1.5,1.62,vertical,0.007
1354,0.39,0.45,easting,-0.115
1354,0.45,0.51,easting,-0.073
1354,0.51,0.57,easting,-0.038
1354,0.57,0.63,easting,-0.035
1354,0.63,0.69,easting,-0.05
1354,0.69,0.75,easting,-0.065
1354,0.75,0.81,easting,-0.069
1354,0.81,0.87,easting,-0.068
1354,0.87,0.93,easting,-0.075
1354,0.93,0.99,easting,-0.043
1354,0.99,1.05,easting,-0.052
1354,1.05,1.11,easting,-0.042
1354,1.11,1.17,easting,-0.033
1354,1.17,1.23,easting,-0.037
1354,1.23,1.29,easting,-0.059
1354,1.29,1.35,easting,-0.067
1354,1.35,1.41,easting,-0.097
1354,1.41,1.47,easting,-0.084
1354,1.47,1.53,easting,-0.05
1354,0.39,0.45,northing,-0.161
1354,0.45,0.51,northing,-0.187
1354,0.51,0.57,northing,0.007
1354,0.57,0.63,northing,-0.007
1354,0.63,0.69,northing,-0.001
1354,0.69,0.75,northing,-0.004
1354,0.75,0.81,northing,-0.011
1354,0.81,0.87,northing,-0.023
1354,0.87,0.93,northing,-0.02
1354,0.93,0.99,northing,-0.024
1354,0.99,1.05,northing,-0.017
1354,1.05,1.11,northing,-0.022
1354,1.11,1.17,northing,-0.021
1354,1.17,1.23,northing,-0.007
1354,1.23,1.29,northing,-0.03
1354,1.29,1.35,northing,-0.04
1354,1.35,1.41,northing,-0.049
1354,1.41,1.47,northing,-0.048
1354,1.47,1.53,northing,-0.022
1354,0.39,0.45,vertical,0.036
1354,0.45,0.51,vertical,-0.001
1354,0.51,0.57,vertical,-0.005
1354,0.57,0.63,vertical,-0.001
1354,0.63,0.69,vertical,0
1354,0.69,0.75,vertical,0
1354,0.75,0.81,vertical,-0.001
1354,0.81,0.87,vertical,0.006
1354,0.87,0.93,vertical,0.003
1354,0.93,0.99,vertical,0.006
1354,0.99,1.05,vertical,0.005
1354,1.05,1.11,vertical,0.009
1354,1.11,1.17,vertical,0.013
1354,1.17,1.23,vertical,0.016
1354,1.23,1.29,vertical,0.008
1354,1.29,1.35,vertical,0.008
1354,1.35,1.41,vertical,0
1354,1.41,1.47,vertical,0.001
1354,1.47,1.53,vertical,0
1355,0.39,0.45,easting,-0.03
1355,0.45,0.51,easting,-0.038
1355,0.51,0.57,easting,-0.059
1355,0.57,0.63,easting,-0.065
1355,0.63,0.69,easting,-0.061
1355,0.69,0.75,easting,-0.055
1355,0.75,0.81,easting,-0.041
1355,0.81,0.87,easting,-0.049
1355,0.87,0.93,easting,-0.067
1355,0.93,0.99,easting,-0.052
1355,0.99,1.05,easting,-0.046
1355,1.05,1.11,easting,-0.064
1355,1.11,1.17,easting,-0.078
1355,1.17,1.23,easting,-0.084
1355,1.23,1.29,easting,-0.074
1355,1.29,1.35,easting,-0.059
1355,1.35,1.41,easting,-0.03
1355,1.41,1.47,easting,-0.02
1355,1.47,1.53,easting,-0.021
1355,0.39,0.45,northing,-0.159
1355,0.45,0.51,northing,0.112
1355,0.51,0.57,northing,-0.061
1355,0.57,0.63,northing,-0.037
1355,0.63,0.69,northing,-0.031
1355,0.69,0.75,northing,-0.03
1355,0.75,0.81,northing,-0.019
1355,0.81,0.87,northing,-0.012
1355,0.87,0.93,northing,-0.02
1355,0.93,0.99,northing,-0.031
1355,0.99,1.05,northing,-0.025
1355,1.05,1.11,northing,-0.014
1355,1.11,1.17,northing,-0.017
1355,1.17,1.23,northing,-0.013
1355,1.23,1.29,northing,-0.018
1355,1.29,1.35,northing,0.005
1355,1.35,1.41,northing,-0.005
1355,1.41,1.47,northing,-0.033
1355,1.47,1.53,northing,-0.027
1355,0.39,0.45,vertical,-0.033
1355,0.45,0.51,vertical,0.004
1355,0.51,0.57,vertical,0.002
1355,0.57,0.63,vertical,0.006
1355,0.63,0.69,vertical,0.005
1355,0.69,0.75,vertical,0.002
1355,0.75,0.81,vertical,0.002
1355,0.81,0.87,vertical,0.004
1355,0.87,0.93,vertical,0.006
1355,0.93,0.99,vertical,0.008
1355,0.99,1.05,vertical,0.01
1355,1.05,1.11,vertical,0.006
1355,1.11,1.17,vertical,0.004
1355,1.17,1.23,vertical,0.001
1355,1.23,1.29,vertical,0.002
1355,1.29,1.35,vertical,0.001
1355,1.35,1.41,vertical,0.007
1355,1.41,1.47,vertical,0.009
1355,1.47,1.53,vertical,0.007
1356,0.39,0.45,easting,-0.034
1356,0.45,0.51,easting,0.028
1356,0.51,0.57,easting,-0.066
1356,0.57,0.63,easting,-0.077
1356,0.63,0.69,easting,-0.07
1356,0.69,0.75,easting,-0.081
1356,0.75,0.81,easting,-0.064
1356,0.81,0.87,easting,-0.066
1356,0.87,0.93,easting,-0.065
1356,0.93,0.99,easting,-0.079
1356,0.99,1.05,easting,-0.071
1356,1.05,1.11,easting,-0.058
1356,1.11,1.17,easting,-0.081
1356,1.17,1.23,easting,-0.081
1356,1.23,1.29,easting,-0.049
1356,1.29,1.35,easting,-0.033
1356,1.35,1.41,easting,-0.024
1356,0.39,0.45,northing,-0.229
1356,0.45,0.51,northing,-0.168
1356,0.51,0.57,northing,-0.046
1356,0.57,0.63,northing,-0.027
1356,0.63,0.69,northing,-0.027
1356,0.69,0.75,northing,-0.019
1356,0.75,0.81,northing,-0.022
1356,0.81,0.87,northing,-0.031
1356,0.87,0.93,northing,-0.045
1356,0.93,0.99,northing,-0.044
1356,0.99,1.05,northing,-0.057
1356,1.05,1.11,northing,-0.055
1356,1.11,1.17,northing,-0.057
1356,1.17,1.23,northing,-0.038
1356,1.23,1.29,northing,-0.039
1356,1.29,1.35,northing,-0.043
1356,1.35,1.41,northing,-0.039
1356,0.39,0.45,vertical,0.003
1356,0.45,0.51,vertical,0.011
1356,0.51,0.57,vertical,-0.009
1356,0.57,0.63,vertical,-0.015
1356,0.63,0.69,vertical,-0.01
1356,0.69,0.75,vertical,-0.008
1356,0.75,0.81,vertical,-0.008
1356,0.81,0.87,vertical,-0.007
1356,0.87,0.93,vertical,-0.003
1356,0.93,0.99,vertical,-0.007
1356,0.99,1.05,vertical,0.001
1356,1.05,1.11,vertical,0.003
1356,1.11,1.17,vertical,0.002
1356,1.17,1.23,vertical,-0.002
1356,1.23,1.29,vertical,0.001
1356,1.29,1.35,vertical,0.007
1356,1.35,1.41,vertical,0.011
1357,0.45,0.51,easting,0.008
1357,0.51,0.57,easting,-0.069
1357,0.57,0.63,easting,-0.066
1357,0.63,0.69,easting,-0.065
1357,0.69,0.75,easting,-0.062
1357,0.75,0.81,easting,-0.078
1357,0.81,0.87,easting,-0.072
1357,0.87,0.93,easting,-0.066
1357,0.93,0.99,easting,-0.063
1357,0.99,1.05,easting,-0.06
1357,1.05,1.11,easting,-0.057
1357,1.11,1.17,easting,-0.057
1357,1.17,1.23,easting,-0.044
1357,1.23,1.29,easting,-0.049
1357,1.29,1.35,easting,-0.039
1357,0.45,0.51,northing,-0.126
1357,0.51,0.57,northing,-0.049
1357,0.57,0.63,northing,-0.041
1357,0.63,0.69,northing,-0.034
1357,0.69,0.75,northing,-0.022
1357,0.75,0.81,northing,-0.034
1357,0.81,0.87,northing,-0.041
1357,0.87,0.93,northing,-0.033
1357,0.93,0.99,northing,-0.02
1357,0.99,1.05,northing,-0.026
1357,1.05,1.11,northing,-0.033
1357,1.11,1.17,northing,-0.025
1357,1.17,1.23,northing,-0.033
1357,1.23,1.29,northing,-0.035
1357,1.29,1.35,northing,-0.036
1357,0.45,0.51,vertical,-0.002
1357,0.51,0.57,vertical,-0.008
1357,0.57,0.63,vertical,-0.008
1357,0.63,0.69,vertical,-0.005
1357,0.69,0.75,vertical,-0.003
1357,0.75,0.81,vertical,-0.004
1357,0.81,0.87,vertical,-0.003
1357,0.87,0.93,vertical,0
1357,0.93,0.99,vertical,-0.003
1357,0.99,1.05,vertical,-0.001
1357,1.05,1.11,vertical,-0.001
1357,1.11,1.17,vertical,-0.004
1357,1.17,1.23,vertical,0.002
1357,1.23,1.29,vertical,0.002
1357,1.29,1.35,vertical,0.009
1358,0.39,0.45,easting,-0.159
1358,0.45,0.51,easting,-0.159
1358,0.51,0.57,easting,-0.067
1358,0.57,0.63,easting,-0.045
1358,0.63,0.69,easting,-0.046
1358,0.69,0.75,easting,-0.051
1358,0.75,0.81,easting,-0.057
1358,0.81,0.87,easting,-0.045
1358,0.87,0.93,easting,-0.054
1358,0.93,0.99,easting,-0.048
1358,0.99,1.05,easting,-0.051
1358,1.05,1.11,easting,-0.042
1358,1.11,1.17,easting,-0.048
1358,1.17,1.23,easting,-0.039
1358,1.23,1.29,easting,-0.033
1358,0.39,0.45,northing,0.121
1358,0.45,0.51,northing,-0.374
1358,0.51,0.57,northing,-0.04
1358,0.57,0.63,northing,-0.038
1358,0.63,0.69,northing,-0.047
1358,0.69,0.75,northing,-0.044
1358,0.75,0.81,northing,-0.032
1358,0.81,0.87,northing,-0.029
1358,0.87,0.93,northing,-0.035
1358,0.93,0.99,northing,-0.032
1358,0.99,1.05,northing,-0.035
1358,1.05,1.11,northing,-0.029
1358,1.11,1.17,northing,-0.036
1358,1.17,1.23,northing,-0.029
1358,1.23,1.29,northing,-0.021
1358,0.39,0.45,vertical,-0.114
1358,0.45,0.51,vertical,-0.047
1358,0.51,0.57,vertical,-0.024
1358,0.57,0.63,vertical,-0.022
1358,0.63,0.69,vertical,-0.019
1358,0.69,0.75,vertical,-0.018
1358,0.75,0.81,vertical,-0.018
1358,0.81,0.87,vertical,-0.015
1358,0.87,0.93,vertical,-0.015
1358,0.93,0.99,vertical,-0.014
1358,0.99,1.05,vertical,-0.015
1358,1.05,1.11,vertical,-0.013
1358,1.11,1.17,vertical,-0.013
1358,1.17,1.23,vertical,-0.011
1358,1.23,1.29,vertical,-0.01
1359,0.45,0.51,easting,-0.089
1359,0.51,0.57,easting,-0.071
1359,0.57,0.63,easting,-0.055
1359,0.63,0.69,easting,-0.058
1359,0.69,0.75,easting,-0.063
1359,0.75,0.81,easting,-0.057
1359,0.81,0.87,easting,-0.046
1359,0.87,0.93,easting,-0.064
1359,0.93,0.99,easting,-0.076
1359,0.99,1.05,easting,-0.053
1359,1.05,1.11,easting,-0.063
1359,1.11,1.17,easting,-0.072
1359,1.17,1.23,easting,-0.07
1359,1.23,1.29,easting,-0.06
1359,0.45,0.51,northing,-0.083
1359,0.51,0.57,northing,-0.028
1359,0.57,0.63,northing,-0.012
1359,0.63,0.69,northing,-0.015
1359,0.69,0.75,northing,-0.029
1359,0.75,0.81,northing,-0.017
1359,0.81,0.87,northing,-0.017
1359,0.87,0.93,northing,-0.016
1359,0.93,0.99,northing,-0.008
1359,0.99,1.05,northing,-0.027
1359,1.05,1.11,northing,-0.021
1359,1.11,1.17,northing,-0.017
1359,1.17,1.23,northing,-0.008
1359,1.23,1.29,northing,-0.011
1359,0.45,0.51,vertical,-0.029
1359,0.51,0.57,vertical,-0.026
1359,0.57,0.63,vertical,-0.023
1359,0.63,0.69,vertical,-0.018
1359,0.69,0.75,vertical,-0.018
1359,0.75,0.81,vertical,-0.017
1359,0.81,0.87,vertical,-0.013
1359,0.87,0.93,vertical,-0.015
1359,0.93,0.99,vertical,-0.014
1359,0.99,1.05,vertical,-0.008
1359,1.05,1.11,vertical,-0.011
1359,1.11,1.17,vertical,-0.01
1359,1.17,1.23,vertical,-0.01
1359,1.23,1.29,vertical,-0.011
1360,0.39,0.45,easting,0.122
1360,0.45,0.51,easting,-0.241
1360,0.51,0.57,easting,-0.073
1360,0.57,0.63,easting,-0.073
1360,0.63,0.69,easting,-0.08
1360,0.69,0.75,easting,-0.096
1360,0.75,0.81,easting,-0.1
1360,0.81,0.87,easting,-0.08
1360,0.87,0.93,easting,-0.078
1360,0.93,0.99,easting,-0.086
1360,0.99,1.05,easting,-0.078
1360,1.05,1.11,easting,-0.093
1360,1.11,1.17,easting,-0.082
1360,1.17,1.23,easting,-0.076
1360,0.39,0.45,northing,-0.192
1360,0.45,0.51,northing,-0.042
1360,0.51,0.57,northing,-0.039
1360,0.57,0.63,northing,-0.005
1360,0.63,0.69,northing,0.012
1360,0.69,0.75,northing,-0.002
1360,0.75,0.81,northing,-0.012
1360,0.81,0.87,northing,0.01
1360,0.87,0.93,northing,0.002
1360,0.93,0.99,northing,-0.009
1360,0.99,1.05,northing,-0.006
1360,1.05,1.11,northing,-0.02
1360,1.11,1.17,northing,-0.014
1360,1.17,1.23,northing,0
1360,0.39,0.45,vertical,-0.016
1360,0.45,0.51,vertical,-0.025
1360,0.51,0.57,vertical,-0.017
1360,0.57,0.63,vertical,-0.014
1360,0.63,0.69,vertical,-0.014
1360,0.69,0.75,vertical,-0.01
1360,0.75,0.81,vertical,-0.008
1360,0.81,0.87,vertical,-0.008
1360,0.87,0.93,vertical,-0.003
1360,0.93,0.99,vertical,-0.007
1360,0.99,1.05,vertical,-0.003
1360,1.05,1.11,vertical,-0.003
1360,1.11,1.17,vertical,-0.001
1360,1.17,1.23,vertical,-0.004
1361,0.39,0.45,easting,0.239
1361,0.45,0.51,easting,0.113
1361,0.51,0.57,easting,-0.044
1361,0.57,0.63,easting,-0.038
1361,0.63,0.69,easting,-0.051
1361,0.69,0.75,easting,-0.06
1361,0.75,0.81,easting,-0.055
1361,0.81,0.87,easting,-0.041
1361,0.87,0.93,easting,-0.044
1361,0.93,0.99,easting,-0.044
1361,0.99,1.05,easting,-0.044
1361,1.05,1.11,easting,-0.025
1361,1.11,1.17,easting,-0.032
1361,0.39,0.45,northing,-0.051
1361,0.45,0.51,northing,-0.089
1361,0.51,0.57,northing,-0.006
1361,0.57,0.63,northing,0.005
1361,0.63,0.69,northing,0.003
1361,0.69,0.75,northing,0.025
1361,0.75,0.81,northing,0.026
1361,0.81,0.87,northing,0.034
1361,0.87,0.93,northing,0.03
1361,0.93,0.99,northing,0.041
1361,0.99,1.05,northing,0.037
1361,1.05,1.11,northing,0.031
1361,1.11,1.17,northing,0.031
1361,0.39,0.45,vertical,0.007
1361,0.45,0.51,vertical,-0.015
1361,0.51,0.57,vertical,-0.018
1361,0.57,0.63,vertical,-0.013
1361,0.63,0.69,vertical,-0.014
1361,0.69,0.75,vertical,-0.006
1361,0.75,0.81,vertical,-0.006
1361,0.81,0.87,vertical,-0.005
1361,0.87,0.93,vertical,0
1361,0.93,0.99,vertical,0.001
1361,0.99,1.05,vertical,-0.001
1361,1.05,1.11,vertical,0
1361,1.11,1.17,vertical,-0.002
1362,0.39,0.45,easting,0.26
1362,0.45,0.51,easting,-0.07
1362,0.51,0.57,easting,-0.088
1362,0.57,0.63,easting,-0.063
1362,0.63,0.69,easting,-0.06
1362,0.69,0.75,easting,-0.046
1362,0.75,0.81,easting,-0.038
1362,0.81,0.87,easting,-0.033
1362,0.87,0.93,easting,-0.04
1362,0.93,0.99,easting,-0.045
1362,0.99,1.05,easting,-0.044
1362,1.05,1.11,easting,-0.045
1362,1.11,1.17,easting,-0.057
1362,0.39,0.45,northing,-0.1
1362,0.45,0.51,northing,-0.107
1362,0.51,0.57,northing,-0.004
1362,0.57,0.63,northing,-0.011
1362,0.63,0.69,northing,-0.01
1362,0.69,0.75,northing,-0.007
1362,0.75,0.81,northing,-0.001
1362,0.81,0.87,northing,-0.004
1362,0.87,0.93,northing,-0.007
1362,0.93,0.99,northing,0.003
1362,0.99,1.05,northing,0.011
1362,1.05,1.11,northing,0.033
1362,1.11,1.17,northing,0.04
1362,0.39,0.45,vertical,-0.026
1362,0.45,0.51,vertical,-0.041
1362,0.51,0.57,vertical,-0.022
1362,0.57,0.63,vertical,-0.011
1362,0.63,0.69,vertical,-0.007
1362,0.69,0.75,vertical,0.001
1362,0.75,0.81,vertical,0.001
1362,0.81,0.87,vertical,0.004
1362,0.87,0.93,vertical,0.002
1362,0.93,0.99,vertical,-0.001
1362,0.99,1.05,vertical,0.002
1362,1.05,1.11,vertical,0.001
1362,1.11,1.17,vertical,-0.003
1363,0.39,0.45,easting,-0.09
1363,0.45,0.51,easting,0.018
1363,0.51,0.57,easting,-0.07
1363,0.57,0.63,easting,-0.078
1363,0.63,0.69,easting,-0.087
1363,0.69,0.75,easting,-0.073
1363,0.75,0.81,easting,-0.095
1363,0.81,0.87,easting,-0.085
1363,0.87,0.93,easting,-0.088
1363,0.93,0.99,easting,-0.091
1363,0.99,1.05,easting,-0.082
1363,1.05,1.11,easting,-0.06
1363,0.39,0.45,northing,-0.145
1363,0.45,0.51,northing,0.142
1363,0.51,0.57,northing,-0.048
1363,0.57,0.63,northing,-0.018
1363,0.63,0.69,northing,-0.017
1363,0.69,0.75,northing,-0.014
1363,0.75,0.81,northing,-0.011
1363,0.81,0.87,northing,-0.018
1363,0.87,0.93,northing,-0.021
1363,0.93,0.99,northing,-0.01
1363,0.99,1.05,northing,-0.021
1363,1.05,1.11,northing,0.006
1363,0.39,0.45,vertical,-0.054
1363,0.45,0.51,vertical,-0.036
1363,0.51,0.57,vertical,-0.019
1363,0.57,0.63,vertical,-0.021
1363,0.63,0.69,vertical,-0.019
1363,0.69,0.75,vertical,-0.012
1363,0.75,0.81,vertical,-0.012
1363,0.81,0.87,vertical,-0.012
1363,0.87,0.93,vertical,-0.009
1363,0.93,0.99,vertical,-0.007
1363,0.99,1.05,vertical,-0.006
1363,1.05,1.11,vertical,-0.004
1364,0.39,0.45,easting,-0.261
1364,0.45,0.51,easting,0.317
1364,0.51,0.57,easting,-0.054
1364,0.57,0.63,easting,-0.049
1364,0.63,0.69,easting,-0.036
1364,0.69,0.75,easting,-0.037
1364,0.75,0.81,easting,-0.041
1364,0.81,0.87,easting,-0.024
1364,0.87,0.93,easting,-0.043
1364,0.93,0.99,easting,-0.06
1364,0.99,1.05,easting,-0.044
1364,1.05,1.11,easting,-0.026
1364,0.39,0.45,northing,0.004
1364,0.45,0.51,northing,-0.246
1364,0.51,0.57,northing,-0.064
1364,0.57,0.63,northing,-0.088
1364,0.63,0.69,northing,-0.069
1364,0.69,0.75,northing,-0.027
1364,0.75,0.81,northing,-0.026
1364,0.81,0.87,northing,-0.022
1364,0.87,0.93,northing,-0.007
1364,0.93,0.99,northing,-0.022
1364,0.99,1.05,northing,-0.008
1364,1.05,1.11,northing,-0.001
1364,0.39,0.45,vertical,-0.043
1364,0.45,0.51,vertical,-0.066
1364,0.51,0.57,vertical,-0.007
1364,0.57,0.63,vertical,0.001
1364,0.63,0.69,vertical,-0.003
1364,0.69,0.75,vertical,-0.006
1364,0.75,0.81,vertical,-0.008
1364,0.81,0.87,vertical,-0.001
1364,0.87,0.93,vertical,0
1364,0.93,0.99,vertical,0
1364,0.99,1.05,vertical,0.001
1364,1.05,1.11,vertical,-0.001
1365,0.39,0.45,easting,-0.111
1365,0.51,0.57,easting,-0.065
1365,0.57,0.63,easting,-0.071
1365,0.63,0.69,easting,-0.053
1365,0.69,0.75,easting,-0.064
1365,0.75,0.81,easting,-0.074
1365,0.81,0.87,easting,-0.059
1365,0.87,0.93,easting,-0.065
1365,0.93,0.99,easting,-0.09
1365,0.99,1.05,easting,-0.069
1365,1.05,1.11,easting,-0.07
1365,0.39,0.45,northing,-0.341
1365,0.51,0.57,northing,-0.041
1365,0.57,0.63,northing,-0.055
1365,0.63,0.69,northing,-0.037
1365,0.69,0.75,northing,-0.007
1365,0.75,0.81,northing,-0.005
1365,0.81,0.87,northing,-0.017
1365,0.87,0.93,northing,-0.009
1365,0.93,0.99,northing,-0.025
1365,0.99,1.05,northing,-0.038
1365,1.05,1.11,northing,-0.01
1365,0.39,0.45,vertical,-0.029
1365,0.51,0.57,vertical,-0.015
1365,0.57,0.63,vertical,-0.014
1365,0.63,0.69,vertical,-0.006
1365,0.69,0.75,vertical,-0.011
1365,0.75,0.81,vertical,-0.009
1365,0.81,0.87,vertical,-0.001
1365,0.87,0.93,vertical,-0.002
1365,0.93,0.99,vertical,-0.004
1365,0.99,1.05,vertical,-0.003
1365,1.05,1.11,vertical,-0.003
1366,0.39,0.45,easting,-0.227
1366,0.45,0.51,easting,-0.117
1366,0.51,0.57,easting,-0.065
1366,0.57,0.63,easting,-0.077
1366,0.63,0.69,easting,-0.078
1366,0.69,0.75,easting,-0.07
1366,0.75,0.81,easting,-0.061
1366,0.81,0.87,easting,-0.072
1366,0.87,0.93,easting,-0.076
1366,0.93,0.99,easting,-0.071
1366,0.99,1.05,easting,-0.02
1366,0.39,0.45,northing,-0.063
1366,0.45,0.51,northing,-0.145
1366,0.51,0.57,northing,-0.016
1366,0.57,0.63,northing,0.005
1366,0.63,0.69,northing,0.016
1366,0.69,0.75,northing,0.013
1366,0.75,0.81,northing,0.018
1366,0.81,0.87,northing,0.043
1366,0.87,0.93,northing,0.037
1366,0.93,0.99,northing,0.024
1366,0.99,1.05,northing,0.04
1366,0.39,0.45,vertical,-0.127
1366,0.45,0.51,vertical,-0.042
1366,0.51,0.57,vertical,-0.032
1366,0.57,0.63,vertical,-0.032
1366,0.63,0.69,vertical,-0.023
1366,0.69,0.75,vertical,-0.023
1366,0.75,0.81,vertical,-0.017
1366,0.81,0.87,vertical,-0.018
1366,0.87,0.93,vertical,-0.014
1366,0.93,0.99,vertical,-0.016
1366,0.99,1.05,vertical,-0.012
1367,0.39,0.45,easting,0.23
1367,0.45,0.51,easting,0.043
1367,0.51,0.57,easting,-0.072
1367,0.57,0.63,easting,-0.07
1367,0.63,0.69,easting,-0.082
1367,0.69,0.75,easting,-0.09
1367,0.75,0.81,easting,-0.083
1367,0.81,0.87,easting,-0.077
1367,0.87,0.93,easting,-0.093
1367,0.93,0.99,easting,-0.068
1367,0.99,1.05,easting,-0.059
1367,0.39,0.45,northing,-0.072
1367,0.45,0.51,northing,-0.089
1367,0.51,0.57,northing,-0.01
1367,0.57,0.63,northing,0.003
1367,0.63,0.69,northing,-0.006
1367,0.69,0.75,northing,0.001
1367,0.75,0.81,northing,0.021
1367,0.81,0.87,northing,0.021
1367,0.87,0.93,northing,0.009
1367,0.93,0.99,northing,0.007
1367,0.99,1.05,northing,0.019
1367,0.39,0.45,vertical,-0.001
1367,0.45,0.51,vertical,-0.02
1367,0.51,0.57,vertical,-0.029
1367,0.57,0.63,vertical,-0.024
1367,0.63,0.69,vertical,-0.023
1367,0.69,0.75,vertical,-0.017
1367,0.75,0.81,vertical,-0.016
1367,0.81,0.87,vertical,-0.017
1367,0.87,0.93,vertical,-0.019
1367,0.93,0.99,vertical,-0.016
1367,0.99,1.05,vertical,-0.011
1368,0.39,0.45,easting,0.042
1368,0.45,0.51,easting,0.024
1368,0.51,0.57,easting,-0.03
1368,0.57,0.63,easting,-0.046
1368,0.63,0.69,easting,-0.036
1368,0.69,0.75,easting,-0.042
1368,0.75,0.81,easting,-0.064
1368,0.81,0.87,easting,-0.07
1368,0.87,0.93,easting,-0.058
1368,0.93,0.99,easting,-0.046
1368,0.39,0.45,northing,-0.109
1368,0.45,0.51,northing,-0.235
1368,0.51,0.57,northing,-0.028
1368,0.57,0.63,northing,-0.018
1368,0.63,0.69,northing,0
1368,0.69,0.75,northing,0.025
1368,0.75,0.81,northing,0.007
1368,0.81,0.87,northing,0.035
1368,0.87,0.93,northing,0.03
1368,0.93,0.99,northing,0.067
1368,0.39,0.45,vertical,-0.01
1368,0.45,0.51,vertical,0.006
1368,0.51,0.57,vertical,-0.031
1368,0.57,0.63,vertical,-0.028
1368,0.63,0.69,vertical,-0.022
1368,0.69,0.75,vertical,-0.018
1368,0.75,0.81,vertical,-0.011
1368,0.81,0.87,vertical,-0.011
1368,0.87,0.93,vertical,-0.01
1368,0.93,0.99,vertical,-0.011
1369,0.39,0.45,easting,-0.006
1369,0.45,0.51,easting,-0.005
1369,0.51,0.57,easting,-0.079
1369,0.57,0.63,easting,-0.11
1369,0.63,0.69,easting,-0.09
1369,0.69,0.75,easting,-0.045
1369,0.75,0.81,easting,-0.064
1369,0.81,0.87,easting,-0.059
1369,0.87,0.93,easting,-0.055
1369,0.93,0.99,easting,-0.058
1369,0.39,0.45,northing,-0.203
1369,0.45,0.51,northing,0.013
1369,0.51,0.57,northing,0.026
1369,0.57,0.63,northing,0.032
1369,0.63,0.69,northing,0.017
1369,0.69,0.75,northing,0.018
1369,0.75,0.81,northing,0.017
1369,0.81,0.87,northing,0.011
1369,0.87,0.93,northing,0.014
1369,0.93,0.99,northing,0.039
1369,0.39,0.45,vertical,0.014
1369,0.45,0.51,vertical,0.008
1369,0.51,0.57,vertical,-0.028
1369,0.57,0.63,vertical,-0.027
1369,0.63,0.69,vertical,-0.017
1369,0.69,0.75,vertical,-0.013
1369,0.75,0.81,vertical,-0.014
1369,0.81,0.87,vertical,-0.016
1369,0.87,0.93,vertical,-0.015
1369,0.93,0.99,vertical,-0.017
1370,0.39,0.45,easting,-0.08
1370,0.45,0.51,easting,-0.044
1370,0.51,0.57,easting,-0.068
1370,0.57,0.63,easting,-0.06
1370,0.63,0.69,easting,-0.062
1370,0.69,0.75,easting,-0.053
1370,0.75,0.81,easting,-0.047
1370,0.81,0.87,easting,-0.038
1370,0.87,0.93,easting,-0.033
1370,0.39,0.45,northing,-0.12
1370,0.45,0.51,northing,-0.058
1370,0.51,0.57,northing,-0.002
1370,0.57,0.63,northing,0.007
1370,0.63,0.69,northing,-0.001
1370,0.69,0.75,northing,0.01
1370,0.75,0.81,northing,-0.001
1370,0.81,0.87,northing,-0.003
1370,0.87,0.93,northing,-0.001
1370,0.39,0.45,vertical,-0.022
1370,0.45,0.51,vertical,-0.042
1370,0.51,0.57,vertical,-0.015
1370,0.57,0.63,vertical,-0.008
1370,0.63,0.69,vertical,-0.004
1370,0.69,0.75,vertical,-0.002
1370,0.75,0.81,vertical,-0.001
1370,0.81,0.87,vertical,0
1370,0.87,0.93,vertical,0.003
1371,0.39,0.45,easting,-0.153
1371,0.45,0.51,easting,-0.028
1371,0.51,0.57,easting,-0.052
1371,0.57,0.63,easting,-0.062
1371,0.63,0.69,easting,-0.044
1371,0.69,0.75,easting,-0.035
1371,0.75,0.81,easting,-0.057
1371,0.81,0.87,easting,-0.04
1371,0.87,0.93,easting,-0.021
1371,0.39,0.45,northing,0.013
1371,0.45,0.51,northing,-0.069
1371,0.51,0.57,northing,-0.01
1371,0.57,0.63,northing,0.011
1371,0.63,0.69,northing,-0.001
1371,0.69,0.75,northing,0.011
1371,0.75,0.81,northing,0
1371,0.81,0.87,northing,0.017
1371,0.87,0.93,northing,0.029
1371,0.39,0.45,vertical,-0.056
1371,0.45,0.51,vertical,-0.033
1371,0.51,0.57,vertical,-0.017
1371,0.57,0.63,vertical,-0.016
1371,0.63,0.69,vertical,-0.011
1371,0.69,0.75,vertical,-0.007
1371,0.75,0.81,vertical,-0.007
1371,0.81,0.87,vertical,-0.011
1371,0.87,0.93,vertical,-0.008
1372,0.39,0.45,easting,0.082
1372,0.45,0.51,easting,-0.097
1372,0.51,0.57,easting,-0.064
1372,0.57,0.63,easting,-0.054
1372,0.63,0.69,easting,-0.055
1372,0.69,0.75,easting,-0.061
1372,0.75,0.81,easting,-0.052
1372,0.81,0.87,easting,-0.044
1372,0.39,0.45,northing,-0.084
1372,0.45,0.51,northing,-0.096
1372,0.51,0.57,northing,-0.035
1372,0.57,0.63,northing,-0.006
1372,0.63,0.69,northing,0.002
1372,0.69,0.75,northing,0.017
1372,0.75,0.81,northing,0.047
1372,0.81,0.87,northing,0.031
1372,0.39,0.45,vertical,-0.031
1372,0.45,0.51,vertical,-0.019
1372,0.51,0.57,vertical,-0.015
1372,0.57,0.63,vertical,-0.012
1372,0.63,0.69,vertical,-0.013
1372,0.69,0.75,vertical,-0.01
1372,0.75,0.81,vertical,-0.009
1372,0.81,0.87,vertical,-0.003
1373,0.39,0.45,easting,-0.058
1373,0.45,0.51,easting,-0.024
1373,0.51,0.57,easting,-0.047
1373,0.57,0.63,easting,-0.01
1373,0.63,0.69,easting,-0.008
1373,0.69,0.75,easting,-0.027
1373,0.75,0.81,easting,-0.049
1373,0.39,0.45,northing,-0.074
1373,0.45,0.51,northing,0.136
1373,0.51,0.57,northing,-0.041
1373,0.57,0.63,northing,-0.019
1373,0.63,0.69,northing,0.004
1373,0.69,0.75,northing,0.008
1373,0.75,0.81,northing,0.029
1373,0.39,0.45,vertical,-0.036
1373,0.45,0.51,vertical,-0.062
1373,0.51,0.57,vertical,-0.018
1373,0.57,0.63,vertical,-0.015
1373,0.63,0.69,vertical,-0.009
1373,0.69,0.75,vertical,-0.008
1373,0.75,0.81,vertical,-0.011
1374,0.39,0.45,easting,0.052
1374,0.45,0.51,easting,-0.059
1374,0.51,0.57,easting,-0.048
1374,0.57,0.63,easting,-0.044
1374,0.63,0.69,easting,-0.048
1374,0.69,0.75,easting,-0.044
1374,0.75,0.81,easting,-0.006
1374,0.39,0.45,northing,-0.072
1374,0.45,0.51,northing,-0.11
1374,0.51,0.57,northing,0
1374,0.57,0.63,northing,-0.007
1374,0.63,0.69,northing,0.029
1374,0.69,0.75,northing,0.004
1374,0.75,0.81,northing,0.025
1374,0.39,0.45,vertical,-0.025
1374,0.45,0.51,vertical,0.016
1374,0.51,0.57,vertical,-0.02
1374,0.57,0.63,vertical,-0.014
1374,0.63,0.69,vertical,-0.011
1374,0.69,0.75,vertical,-0.003
1374,0.75,0.81,vertical,0
1375,0.39,0.45,easting,-0.031
1375,0.45,0.51,easting,0.079
1375,0.51,0.57,easting,-0.031
1375,0.57,0.63,easting,0.002
1375,0.63,0.69,easting,-0.005
1375,0.69,0.75,easting,-0.02
1375,0.39,0.45,northing,0.076
1375,0.45,0.51,northing,0.012
1375,0.51,0.57,northing,-0.002
1375,0.57,0.63,northing,0.007
1375,0.63,0.69,northing,0.034
1375,0.69,0.75,northing,0.003
1375,0.39,0.45,vertical,-0.05
1375,0.45,0.51,vertical,-0.033
1375,0.51,0.57,vertical,-0.026
1375,0.57,0.63,vertical,-0.022
1375,0.63,0.69,vertical,-0.019
1375,0.69,0.75,vertical,-0.015
1376,0.39,0.45,easting,-0.124
1376,0.45,0.51,easting,-0.078
1376,0.51,0.57,easting,-0.037
1376,0.57,0.63,easting,-0.034
1376,0.63,0.69,easting,0
1376,0.39,0.45,northing,0.004
1376,0.45,0.51,northing,0.198
1376,0.51,0.57,northing,0.035
1376,0.57,0.63,northing,0.055
1376,0.63,0.69,northing,0.069
1376,0.39,0.45,vertical,-0.023
1376,0.45,0.51,vertical,-0.063
1376,0.51,0.57,vertical,-0.027
1376,0.57,0.63,vertical,-0.018
1376,0.63,0.69,vertical,-0.016
1377,0.39,0.41,easting,-0.267
1377,0.41,0.43,easting,0.013
1377,0.43,0.45,easting,-0.003
1377,0.45,0.47,easting,-0.026
1377,0.47,0.49,easting,0.009
1377,0.49,0.51,easting,0.001
1377,0.51,0.53,easting,-0.021
1377,0.53,0.55,easting,-0.016
1377,0.55,0.57,easting,-0.039
1377,0.57,0.59,easting,-0.035
1377,0.59,0.61,easting,-0.037
1377,0.61,0.63,easting,-0.023
1377,0.63,0.65,easting,-0.018
1377,0.65,0.67,easting,0.092
1377,0.39,0.41,northing,0.221
1377,0.41,0.43,northing,-0.024
1377,0.43,0.45,northing,-0.005
1377,0.45,0.47,northing,-0.002
1377,0.47,0.49,northing,0.059
1377,0.49,0.51,northing,0.013
1377,0.51,0.53,northing,0.028
1377,0.53,0.55,northing,0.043
1377,0.55,0.57,northing,0.022
1377,0.57,0.59,northing,0.028
1377,0.59,0.61,northing,0.013
1377,0.61,0.63,northing,0.016
1377,0.63,0.65,northing,0.03
1377,0.65,0.67,northing,0.028
1377,0.39,0.41,vertical,-0.17
1377,0.41,0.43,vertical,-0.029
1377,0.43,0.45,vertical,-0.026
1377,0.45,0.47,vertical,-0.015
1377,0.47,0.49,vertical,-0.017
1377,0.49,0.51,vertical,-0.022
1377,0.51,0.53,vertical,-0.02
1377,0.53,0.55,vertical,-0.021
1377,0.55,0.57,vertical,-0.016
1377,0.57,0.59,vertical,-0.023
1377,0.59,0.61,vertical,-0.02
1377,0.61,0.63,vertical,-0.006
1377,0.63,0.65,vertical,-0.01
1377,0.65,0.67,vertical,0.01
1378,0.39,0.41,easting,0.073
1378,0.41,0.43,easting,-0.002
1378,0.43,0.45,easting,-0.014
1378,0.45,0.47,easting,0.001
1378,0.47,0.49,easting,0.014
1378,0.49,0.51,easting,0.006
1378,0.51,0.53,easting,0.003
1378,0.53,0.55,easting,-0.023
1378,0.55,0.57,easting,-0.03
1378,0.57,0.59,easting,0.003
1378,0.59,0.61,easting,0.032
1378,0.61,0.63,easting,0.086
1378,0.39,0.41,northing,-0.069
1378,0.41,0.43,northing,-0.028
1378,0.43,0.45,northing,-0.018
1378,0.45,0.47,northing,0.019
1378,0.47,0.49,northing,0.033
1378,0.49,0.51,northing,0.023
1378,0.51,0.53,northing,0.043
1378,0.53,0.55,northing,0.031
1378,0.55,0.57,northing,0.034
1378,0.57,0.59,northing,0.036
1378,0.59,0.61,northing,0.032
1378,0.61,0.63,northing,-0.02
1378,0.39,0.41,vertical,-0.049
1378,0.41,0.43,vertical,-0.05
1378,0.43,0.45,vertical,-0.045
1378,0.45,0.47,vertical,-0.04
1378,0.47,0.49,vertical,-0.043
1378,0.49,0.51,vertical,-0.037
1378,0.51,0.53,vertical,-0.048
1378,0.53,0.55,vertical,-0.037
1378,0.55,0.57,vertical,-0.047
1378,0.57,0.59,vertical,-0.026
1378,0.59,0.61,vertical,-0.022
1378,0.61,0.63,vertical,-0.037
1379,0.39,0.41,easting,0.041
1379,0.41,0.43,easting,0.001
1379,0.43,0.45,easting,0.028
1379,0.45,0.47,easting,0.002
1379,0.47,0.49,easting,0.011
1379,0.49,0.51,easting,-0.013
1379,0.51,0.53,easting,0.009
1379,0.53,0.55,easting,0.026
1379,0.55,0.57,easting,0.013
1379,0.57,0.59,easting,0.01
1379,0.39,0.41,northing,-0.057
1379,0.41,0.43,northing,-0.022
1379,0.43,0.45,northing,-0.001
1379,0.45,0.47,northing,0.057
1379,0.47,0.49,northing,0.028
1379,0.49,0.51,northing,0.072
1379,0.51,0.53,northing,0.077
1379,0.53,0.55,northing,0.046
1379,0.55,0.57,northing,0.053
1379,0.57,0.59,northing,0.052
1379,0.39,0.41,vertical,-0.043
1379,0.41,0.43,vertical,-0.051
1379,0.43,0.45,vertical,-0.039
1379,0.45,0.47,vertical,-0.035
1379,0.47,0.49,vertical,-0.042
1379,0.49,0.51,vertical,-0.031
1379,0.51,0.53,vertical,-0.021
1379,0.53,0.55,vertical,-0.007
1379,0.55,0.57,vertical,-0.014
1379,0.57,0.59,vertical,-0.023
1381,0.37,0.39,easting,-0.066
1381,0.39,0.41,easting,0.08
1381,0.41,0.43,easting,0.098
1381,0.43,0.45,easting,0.096
1381,0.45,0.47,easting,0.065
1381,0.47,0.49,easting,0.102
1381,0.37,0.39,northing,-0.14
1381,0.39,0.41,northing,-0.039
1381,0.41,0.43,northing,0.061
1381,0.43,0.45,northing,0.107
1381,0.45,0.47,northing,0.032
1381,0.47,0.49,northing,0.095
1381,0.37,0.39,vertical,-0.013
1381,0.39,0.41,vertical,-0.056
1381,0.41,0.43,vertical,-0.051
1381,0.43,0.45,vertical,-0.064
1381,0.45,0.47,vertical,-0.043
1381,0.47,0.49,vertical,-0.05
